p_val	auc	avg_log2FC	pct.1	pct.2	p_val_adj
8.60856041292485e-119	0.901404761904762	5.72877663282629	0.812	0.036	1.74030657307689e-114
4.51093475502035e-96	0.873738095238095	2.99621245629743	0.815	0.12	9.11930570074913e-92
5.09656856776288e-91	0.909770833333333	1.71030278032709	1	0.822	1.03032230165894e-86
4.25565451844213e-82	0.802041666666667	3.7449177175566	0.619	0.022	8.6032311744826e-78
3.047735502632e-79	0.87003869047619	2.04904590309722	0.914	0.4	6.16130209212086e-75
6.32230340172721e-77	0.822357142857143	3.11860525029316	0.714	0.11	1.27811685569317e-72
1.84808958590744e-74	0.805464285714286	2.82717547544503	0.67	0.078	3.73609790687049e-70
4.17189000353259e-73	0.840752976190476	2.80885091431916	0.812	0.258	8.43389283114148e-69
2.55039159969984e-69	0.812178571428571	2.70692229089063	0.726	0.152	5.1558716579532e-65
5.64051491920732e-69	0.836425595238095	2.03553170847852	0.875	0.28	1.14028649606695e-64
3.00893748945058e-67	0.78778869047619	2.84210832895647	0.64	0.084	6.08286802867329e-63
1.89736527675585e-62	0.838568452380952	1.37684358235463	0.979	0.894	3.83571364348962e-58
1.15088513083509e-60	0.767779761904762	3.27955314316556	0.598	0.084	2.32662938049622e-56
2.42783585393059e-60	0.772922619047619	2.38118651533989	0.628	0.1	4.90811296230607e-56
1.6712008838732e-59	0.746380952380952	2.46304287218968	0.533	0.04	3.37849970683806e-55
1.74281838595689e-59	0.747764880952381	3.41631679529847	0.527	0.046	3.52328164905045e-55
2.1282724831632e-59	0.735681547619048	2.95453721186315	0.491	0.022	4.30251565196272e-55
9.48593278666126e-59	0.744505952380952	2.85145160918309	0.524	0.042	1.91767617215144e-54
1.04689305104628e-58	0.804732142857143	1.98710670854066	0.807	0.278	2.11639899199516e-54
6.2017619150357e-56	0.753839285714286	2.37917204672184	0.577	0.084	1.25374818874362e-51
9.00061692983767e-56	0.727681547619048	2.51636645465281	0.482	0.028	1.81956471853598e-51
2.49324357199391e-54	0.780604166666667	2.59628045065627	0.708	0.206	5.0403412051429e-50
3.97291205559982e-53	0.812508928571429	0.950086921943714	1	0.994	8.0316390116006e-49
2.83739081439675e-52	0.788380952380952	1.72308828736546	0.795	0.31	5.73606927038447e-48
1.70093330443845e-51	0.195008928571429	-1.93037593337856	0.723	0.934	3.43860676825278e-47
9.14992196720308e-49	0.741544642857143	2.27803876497402	0.577	0.116	1.84974822488978e-44
5.88922283519177e-47	0.754776785714286	1.83452902538552	0.673	0.19	1.19056528836237e-42
3.86241264465141e-46	0.679607142857143	3.50841218820308	0.363	0.004	7.8082534024273e-42
1.50396537674137e-45	0.7848125	1.28898158225136	0.932	0.66	3.04041640562035e-41
3.49901603987708e-45	0.699145833333333	2.32380905348613	0.435	0.038	7.0736108262155e-41
6.26868493790606e-44	0.709294642857143	1.97656049637081	0.485	0.066	1.26727734704709e-39
2.2426733662644e-43	0.737625	2.25802280056616	0.607	0.166	4.53378847724012e-39
2.49737288318849e-43	0.720705357142857	1.8740787255336	0.542	0.1	5.04868902065385e-39
2.73955163842743e-43	0.760860119047619	2.26373538013955	0.735	0.328	5.5382775922449e-39
6.61825678372518e-43	0.73302380952381	1.82228740849742	0.601	0.152	1.33794679139788e-38
1.31904054802838e-42	0.737172619047619	1.89905958071311	0.622	0.176	2.66657237189418e-38
2.0790067582824e-42	0.678095238095238	3.1451828122398	0.372	0.02	4.20292006254371e-38
5.45837736243824e-42	0.723446428571429	1.68186459416399	0.571	0.126	1.10346556759051e-37
8.48074423812962e-41	0.706223214285714	2.10770960499661	0.491	0.086	1.71446725518028e-36
1.37775381665811e-40	0.694330357142857	2.69822189289127	0.44	0.06	2.78526711575604e-36
3.7070725829128e-40	0.733366071428571	1.76804282796703	0.64	0.194	7.49421793361653e-36
3.72884921199547e-40	0.715553571428571	2.38588609819221	0.53	0.126	7.53824156697005e-36
4.8052311971639e-40	0.709854166666667	2.14781061580334	0.512	0.102	9.71425538818654e-36
9.99140170441974e-40	0.738	1.84471241703636	0.658	0.242	2.01986176856549e-35
1.88753105435155e-39	0.697303571428571	1.83195734257217	0.47	0.072	3.81583277947709e-35
2.08650049213364e-39	0.245342261904762	-2.32890696742026	0.339	0.708	4.21806939489737e-35
4.61929727351027e-39	0.700571428571429	1.94549930490172	0.482	0.088	9.33837136812836e-35
8.2728246869563e-38	0.730797619047619	1.97060048674021	0.646	0.236	1.67243423871509e-33
1.21756587950528e-37	0.699738095238095	1.78782196415436	0.494	0.1	2.46143118200788e-33
1.25988153655182e-37	0.712133928571429	1.79854503337344	0.551	0.144	2.54697651429316e-33
4.5089366717756e-37	0.670080357142857	2.04283925383186	0.375	0.036	9.11526637566155e-33
6.67330774276013e-37	0.249675595238095	-1.76410035678163	0.438	0.762	1.34907589327639e-32
2.02442180527108e-36	0.665949404761905	1.86334287993576	0.366	0.032	4.09257112153601e-32
2.04577645451433e-36	0.250547619047619	-1.8342196647868	0.452	0.778	4.13574168044618e-32
2.19186969260951e-36	0.657202380952381	2.02939679180907	0.333	0.02	4.43108377057939e-32
2.97931806969266e-36	0.725714285714286	1.50989017994616	0.655	0.236	6.02298940969068e-32
3.00902486254864e-36	0.741592261904762	1.60928096277389	0.753	0.402	6.08304466212833e-32
5.47331857906804e-36	0.699607142857143	1.72045836675619	0.512	0.116	1.10648608394439e-31
7.20932603991819e-36	0.738526785714286	1.18067915894173	0.818	0.386	1.45743735222986e-31
1.29287892666533e-35	0.648982142857143	2.38507961794409	0.31	0.012	2.61368403814663e-31
4.45305149525744e-35	0.726294642857143	1.64258810931962	0.679	0.268	9.00228890281244e-31
5.69331207777131e-35	0.72852380952381	2.0929188635345	0.682	0.288	1.15095996964225e-30
1.98214265179574e-34	0.656068452380952	2.29777894551979	0.339	0.028	4.00709958487026e-30
5.9904646070382e-34	0.73341369047619	1.38157495286479	0.765	0.396	1.21103232495884e-29
8.87176830275377e-34	0.685190476190476	1.77113960454722	0.461	0.098	1.7935166800847e-29
9.25211208483917e-34	0.66610119047619	1.87705536606776	0.381	0.052	1.87040697907109e-29
1.53712299645891e-33	0.737276785714286	1.46855696277125	0.798	0.472	3.10744784964133e-29
6.63761567598366e-33	0.723931547619048	2.05408523540479	0.696	0.33	1.34186038505686e-28
8.30770307329533e-33	0.713886904761905	1.50713932105892	0.64	0.244	1.67948525329738e-28
3.52948708875621e-32	0.72928869047619	1.31711761217943	0.792	0.446	7.13521109862955e-28
4.27714165247868e-32	0.667270833333333	1.79984279713827	0.399	0.066	8.64666956465091e-28
5.79154048985215e-32	0.688973214285714	1.59189756729051	0.506	0.13	1.17081782542851e-27
1.23464884337422e-31	0.642958333333333	1.8592213442172	0.31	0.024	2.49596610176533e-27
1.59395865507487e-31	0.714511904761905	1.32976996965966	0.679	0.298	3.22234681709936e-27
2.34921835971726e-31	0.66671130952381	1.66930605903038	0.405	0.07	4.7491798360044e-27
4.98058829332115e-31	0.692110119047619	1.88925364189548	0.527	0.156	1.0068757293778e-26
7.65299925324093e-31	0.708630952380952	1.33560303178444	0.664	0.262	1.54713032903519e-26
7.67458054956505e-31	0.684669642857143	1.93143277987131	0.488	0.134	1.55149320390007e-26
1.26277277009753e-30	0.667657738095238	1.5919177139895	0.417	0.08	2.55282143202916e-26
2.34562296146641e-30	0.700193452380952	1.62120143963776	0.595	0.212	4.7419113789005e-26
3.97575628038368e-30	0.692770833333333	1.67083829312897	0.545	0.182	8.03738889642365e-26
4.9731839170135e-30	0.726214285714286	1.0353364955341	0.887	0.548	1.00537886066345e-25
6.06740793908013e-30	0.689860119047619	1.57607178893631	0.533	0.17	1.22658718896444e-25
7.06449642574628e-30	0.6595	1.80444005848482	0.384	0.068	1.42815859742887e-25
1.44645453158551e-28	0.654854166666667	1.63248737569553	0.378	0.068	2.92415248105326e-24
2.3638463885521e-28	0.644866071428571	2.08563353700599	0.336	0.048	4.77875185909692e-24
2.3662615680357e-28	0.629422619047619	2.03581007594053	0.28	0.022	4.78363438594097e-24
2.77724701747049e-28	0.6669375	1.41459704895001	0.44	0.104	5.61448257051834e-24
4.40033548472103e-28	0.70902380952381	1.13098883451395	0.75	0.368	8.89571821591204e-24
6.00574967085985e-28	0.686050595238095	1.64023587409603	0.545	0.184	1.21412235346103e-23
7.45163517817508e-28	0.647202380952381	1.91628929361077	0.348	0.058	1.50642256761987e-23
3.06310506534094e-27	0.680136904761905	1.36537338485227	0.53	0.17	6.19237320009323e-23
3.86050254472886e-27	0.681901785714286	1.32376709455114	0.548	0.184	7.80439194442386e-23
5.64833173162508e-27	0.704559523809524	1.38049021883259	0.735	0.376	1.14186674286533e-22
6.6045566073265e-27	0.715196428571429	0.777813576505393	0.952	0.648	1.33517716373713e-22
6.95205850197795e-27	0.675627976190476	1.72706166238506	0.497	0.162	1.40542814675986e-22
8.5287631044941e-27	0.662449404761905	1.80953422011685	0.426	0.112	1.72417474920453e-22
1.45796946839294e-26	0.33366369047619	-2.52923555595832	0.06	0.386	2.94743107730316e-22
1.79439402875799e-26	0.657699404761905	1.45571333039119	0.414	0.098	3.62754696853715e-22
1.81736988553118e-26	0.670133928571429	2.53404006635279	0.47	0.142	3.67399496058984e-22
1.89527703455415e-26	0.646113095238095	1.65784041921043	0.357	0.068	3.83149205305466e-22
2.27213053825712e-26	0.627440476190476	1.66068369835161	0.286	0.03	4.59333909614059e-22
4.90434271517189e-26	0.6645	1.79980646773644	0.446	0.128	9.91461923299148e-22
7.49087666682575e-26	0.694047619047619	1.36235460704604	0.655	0.31	1.51435562696549e-21
9.26699601475516e-26	0.693970238095238	1.1322171431418	0.685	0.322	1.8734159143429e-21
3.01146450226804e-25	0.664922619047619	1.35835855141835	0.47	0.144	6.08797663778507e-21
9.80643375542337e-25	0.695157738095238	0.947222996559674	0.756	0.372	1.98246864799639e-20
1.31678039905723e-24	0.648833333333333	1.4584390121795	0.393	0.094	2.6620032547341e-20
1.37034542025664e-24	0.6694375	1.30216484006593	0.509	0.172	2.77029030159082e-20
2.17822290383927e-24	0.614196428571429	1.60388978245708	0.25	0.022	4.40349542240147e-20
4.30402176916066e-24	0.684119047619048	1.31020962879743	0.622	0.298	8.7010104085352e-20
4.51761982037729e-24	0.661517857142857	1.70091672096934	0.458	0.152	9.13282022887473e-20
4.54530032665526e-24	0.640613095238095	1.43124478923086	0.36	0.076	9.18877914036627e-20
4.60431141528263e-24	0.630880952380952	1.52516381808186	0.315	0.054	9.30807595713537e-20
5.10783414784588e-24	0.640458333333333	1.83977639974998	0.354	0.078	1.03259975132852e-19
9.93729183709515e-24	0.315363095238095	-1.99390982753187	0.256	0.556	2.00892291778716e-19
1.02036417667463e-23	0.680386904761905	1.32728132938157	0.598	0.272	2.06276821956543e-19
1.19350082202263e-23	0.690556547619048	1.08997723848828	0.723	0.382	2.41278126180096e-19
1.6459835606777e-23	0.622565476190476	1.65603881204079	0.286	0.042	3.32752036626605e-19
1.81375489535121e-23	0.613502976190476	1.60958628768998	0.253	0.026	3.666686896442e-19
2.67605694235114e-23	0.659988095238095	1.25399024599006	0.473	0.158	5.40991671465707e-19
3.14851351463753e-23	0.647738095238095	1.76974206571886	0.402	0.108	6.36503492119123e-19
3.83434864108687e-23	0.694098214285714	0.92010648594777	0.821	0.516	7.75151921282121e-19
4.25344968947981e-23	0.657032738095238	1.2982940898944	0.461	0.144	8.59877389225238e-19
4.31535314671664e-23	0.645369047619048	1.52789780133979	0.39	0.104	8.72391792140235e-19
4.9308132028157e-23	0.694514880952381	1.34393116024402	0.777	0.506	9.96813197081223e-19
5.00435540774201e-23	0.6386875	1.47444124491927	0.36	0.084	1.01168048922912e-18
6.10870135089893e-23	0.674151785714286	1.53450692180999	0.571	0.244	1.23493506509773e-18
1.27397856876009e-22	0.64897619047619	1.34196584812391	0.42	0.12	2.57547507460539e-18
1.31535759768193e-22	0.347294642857143	-2.35315995178645	0.083	0.372	2.65912691947378e-18
1.87462161622674e-22	0.624705357142857	1.64457916400228	0.304	0.054	3.78973505936399e-18
2.02528510305344e-22	0.662883928571429	1.28678628876711	0.506	0.19	4.09431636433282e-18
2.08017903180451e-22	0.690827380952381	1.09340384821491	0.789	0.486	4.205289930696e-18
2.22894853076463e-22	0.686440476190476	1.07834145128179	0.729	0.418	4.50604234979377e-18
2.83221115066523e-22	0.650238095238095	1.2553979624516	0.435	0.132	5.72559806218483e-18
3.02964074466298e-22	0.322383928571429	-1.8536895673441	0.253	0.548	6.12472172941068e-18
5.72206568080393e-22	0.635904761904762	1.88875750484854	0.357	0.088	1.15677279803132e-17
7.19869623477184e-22	0.669443452380952	1.20029533741471	0.565	0.252	1.45528843082147e-17
8.890299937134e-22	0.687797619047619	0.993203229153522	0.777	0.47	1.79726303529101e-17
2.55680037132831e-21	0.671440476190476	1.09152983753585	0.61	0.292	5.16882763067731e-17
2.60485728042446e-21	0.667520833333333	1.38524899274608	0.565	0.256	5.26597947810609e-17
4.21926854041746e-21	0.350616071428571	-2.27639278868881	0.098	0.38	8.52967328130794e-17
4.73515085927095e-21	0.625119047619048	1.49608760198458	0.318	0.07	9.57258097710214e-17
5.96192020621368e-21	0.368672619047619	-2.78876259772861	0.036	0.296	1.20526178888816e-16
7.18114767993081e-21	0.677324404761905	1.06468025850671	0.69	0.38	1.45174081497481e-16
8.35037964093049e-21	0.634535714285714	1.29392607696018	0.369	0.1	1.68811274821051e-16
1.13282888342185e-20	0.658008928571429	1.11964772013266	0.521	0.212	2.29012687072561e-16
1.1729754467793e-20	0.315366071428571	-1.39747465476136	0.571	0.712	2.37128716320903e-16
1.4851905144734e-20	0.633535714285714	1.32917617839023	0.366	0.102	3.00246114405943e-16
1.64390898559199e-20	0.688553571428571	0.601896754921482	0.955	0.784	3.32332640527277e-16
2.38776368629402e-20	0.363232142857143	-2.54515317199877	0.062	0.328	4.82710306821199e-16
4.1847585998191e-20	0.663610119047619	1.29738404661849	0.571	0.268	8.4599079853943e-16
5.87095865076317e-20	0.666991071428571	1.02861333680841	0.634	0.306	1.18687300083828e-15
5.99279305486112e-20	0.677449404761905	0.968723523743316	0.765	0.458	1.21150304397072e-15
6.8114659460642e-20	0.646779761904762	1.32954127899724	0.449	0.168	1.37700595565634e-15
7.26345013171558e-20	0.678178571428571	0.890585515126539	0.774	0.47	1.46837907862762e-15
8.05690447493251e-20	0.320619047619048	-1.2791217722168	0.473	0.702	1.62878380865236e-15
1.12258801118702e-19	0.644369047619048	1.21793037435314	0.446	0.158	2.26942392341568e-15
1.50974401500538e-19	0.607238095238095	1.58919121417634	0.256	0.044	3.05209850073488e-15
2.06314371005501e-19	0.674261904761905	0.783022385706238	0.78	0.462	4.17085132424721e-15
2.67981704296363e-19	0.657428571428571	1.11231672601973	0.554	0.25	5.41751813405526e-15
3.5903661048965e-19	0.659172619047619	1.07150841565803	0.574	0.272	7.25828411765877e-15
3.98217466504989e-19	0.673967261904762	0.853642400538514	0.777	0.498	8.05036430286486e-15
4.21603031120547e-19	0.647997023809524	1.02514489769903	0.494	0.192	8.52312687713298e-15
5.47481312996492e-19	0.656845238095238	0.975534961355125	0.568	0.254	1.10678822235371e-14
5.65925193537526e-19	0.368693452380952	-2.57607219161024	0.071	0.32	1.14407437125546e-14
6.28201375353427e-19	0.638532738095238	1.19945025584751	0.426	0.148	1.26997190041449e-14
7.28222087075599e-19	0.638630952380952	1.41046984932065	0.42	0.15	1.47217377123203e-14
7.952297503271e-19	0.638955357142857	1.35121928217552	0.423	0.152	1.60763646326127e-14
9.49963811233578e-19	0.610494047619048	1.69808270155113	0.277	0.058	1.9204468407898e-14
1.08807306594439e-18	0.667107142857143	1.04166084462432	0.679	0.392	2.19964851011318e-14
1.32730113484609e-18	0.661633928571429	0.967320478161842	0.634	0.324	2.68327197420486e-14
1.74912451762409e-18	0.653830357142857	1.04562133196053	0.554	0.252	3.53603012482886e-14
1.76266149591266e-18	0.669434523809524	0.81214455457993	0.774	0.46	3.56339648013703e-14
2.56045758535576e-18	0.669157738095238	0.948190224647349	0.741	0.452	5.1762210545552e-14
4.32625315567941e-18	0.603568452380952	1.32062307893145	0.256	0.048	8.74595337952149e-14
4.40193257526901e-18	0.619300595238095	1.29345615606221	0.327	0.09	8.89894689416382e-14
5.0269834105639e-18	0.653026785714286	1.0020873334351	0.562	0.262	1.0162549662796e-13
5.41260176914136e-18	0.670809523809524	0.89429935631312	0.804	0.55	1.09421157364962e-13
6.79556007990236e-18	0.602532738095238	1.3466960000363	0.253	0.048	1.37379042575306e-13
8.80620262119232e-18	0.60221130952381	1.32407336671892	0.253	0.048	1.78026192190024e-13
9.14207445390142e-18	0.643678571428571	1.02849633661906	0.494	0.206	1.84816177160071e-13
1.09032525706324e-17	0.639184523809524	1.02548847912702	0.458	0.18	2.20420153967905e-13
1.20703072030446e-17	0.65841369047619	1.06462322414921	0.631	0.336	2.44013330416749e-13
1.23531217229258e-17	0.624318452380952	1.17946735237527	0.363	0.114	2.49730708750669e-13
1.52192655729013e-17	0.645809523809524	1.01579816247887	0.521	0.222	3.07672672821772e-13
2.078325751875e-17	0.654279761904762	1.07034068146045	0.592	0.32	4.2015433399905e-13
2.43288490449278e-17	0.657690476190476	0.922791934881014	0.661	0.358	4.9183201229226e-13
2.60260211540506e-17	0.634005952380952	1.13139340029208	0.432	0.162	5.26142043650286e-13
2.73517673455786e-17	0.340110119047619	-1.31970793669814	0.36	0.582	5.52943328658218e-13
2.98596125909535e-17	0.658119047619048	1.00613102818002	0.649	0.368	6.03641928138716e-13
3.26697670966656e-17	0.656645833333333	0.69605494637065	0.649	0.324	6.60452011626192e-13
3.74427175654978e-17	0.341630952380952	-1.62632954334572	0.33	0.574	7.56941978304104e-13
4.5296839729583e-17	0.66266369047619	0.875704121412792	0.747	0.434	9.1572091197325e-13
4.95501445331076e-17	0.607797619047619	1.24752570448934	0.286	0.07	1.0017057218813e-12
6.49595530161077e-17	0.390291666666667	-2.69092746910792	0.036	0.25	1.31322232377363e-12
7.74212721973858e-17	0.366214285714286	-1.82410370024396	0.128	0.378	1.56514843874235e-12
8.31508187034789e-17	0.638485119047619	0.973614399084511	0.479	0.198	1.68097695090953e-12
9.10345140260239e-17	0.386419642857143	-1.68548379995371	0.045	0.272	1.8403537355501e-12
1.14283200618144e-16	0.654014880952381	0.839561067466179	0.661	0.362	2.3103491836964e-12
1.24209017402137e-16	0.664217261904762	0.671374475591125	0.842	0.54	2.51100949580161e-12
2.48019674752969e-16	0.614729166666667	1.19352483196415	0.33	0.102	5.01396574480602e-12
2.77888235152009e-16	0.665904761904762	0.548373665563056	0.955	0.742	5.61778856183301e-12
4.15966024224366e-16	0.627952380952381	1.2480887174262	0.411	0.166	8.40916914571978e-12
4.23845969436604e-16	0.650184523809524	1.07785184675745	0.619	0.344	8.56847011813039e-12
4.84873434438473e-16	0.650761904761905	0.789016864143472	0.658	0.366	9.80220135060816e-12
6.63402408550769e-16	0.599053571428571	1.22433703943733	0.259	0.06	1.34113430912624e-11
7.30103951940574e-16	0.36158630952381	-2.12804989627859	0.199	0.436	1.47597814924306e-11
7.55328506640052e-16	0.62435119047619	1.07433874698101	0.399	0.152	1.52697210902353e-11
1.08127533145909e-15	0.338901785714286	-0.784336927670767	0.798	0.886	2.18590621007769e-11
1.1085274518714e-15	0.648452380952381	0.854231646335955	0.643	0.358	2.24099909670321e-11
1.11952072540181e-15	0.647497023809524	0.84589996571937	0.625	0.34	2.2632230984723e-11
1.14732722314898e-15	0.661315476190476	0.65857626037886	0.914	0.634	2.31943671431797e-11
1.33733963945345e-15	0.600056547619048	1.15414836527661	0.268	0.066	2.7035658151191e-11
1.58828856360396e-15	0.64639880952381	0.962905610529295	0.613	0.326	3.21088416018177e-11
1.59385067373246e-15	0.598151785714286	1.24159596374839	0.259	0.062	3.22212852201753e-11
1.69722347577596e-15	0.626943452380952	1.05278315454424	0.426	0.174	3.43110697862867e-11
2.31901443916316e-15	0.389306547619048	-2.07618717242951	0.062	0.278	4.68811959021224e-11
2.62025028305564e-15	0.628288690476191	1.03197238973828	0.446	0.188	5.29709797222528e-11
2.63750969642582e-15	0.614931547619048	1.30997799233782	0.345	0.124	5.33198960229444e-11
4.01335752462719e-15	0.644232142857143	0.794412246949125	0.616	0.328	8.11340357178632e-11
4.08930235969722e-15	0.653675595238095	0.936093284438099	0.765	0.528	8.26693365036389e-11
4.10823701122127e-15	0.63085119047619	0.930862468318062	0.476	0.216	8.30521194188492e-11
4.98579670105487e-15	0.632190476190476	0.917339544839549	0.488	0.222	1.00792866108525e-10
5.33266989865707e-15	0.345648809523809	-0.765517924775479	0.583	0.814	1.07805254671251e-10
5.7101459522997e-15	0.656604166666667	0.642438368140735	0.878	0.644	1.15436310571691e-10
6.43558112237222e-15	0.625523809523809	1.12170132935338	0.429	0.184	1.30101707969877e-10
7.21828750058467e-15	0.599380952380952	1.11839470080223	0.274	0.074	1.4592490011182e-10
7.34612054667609e-15	0.616086309523809	0.951179871753315	0.372	0.134	1.48509172971604e-10
8.34845448591856e-15	0.605464285714286	1.12359937844138	0.307	0.094	1.6877235588733e-10
8.85622571201296e-15	0.613360119047619	1.16660750635382	0.351	0.126	1.79037458994054e-10
9.01380320750396e-15	0.625315476190476	0.908947548430168	0.44	0.186	1.822230456429e-10
1.58245235210324e-14	0.603315476190476	1.44117509506602	0.295	0.094	3.19908567501192e-10
2.06394360648607e-14	0.631068452380952	0.93336280696971	0.497	0.242	4.17246839487224e-10
2.06698253388767e-14	0.636931547619048	0.816872460968188	0.574	0.302	4.1786118905073e-10
2.15620051148597e-14	0.636422619047619	0.779119045581152	0.574	0.294	4.35897495402003e-10
2.17961527843779e-14	0.606571428571429	1.13906403773755	0.318	0.106	4.40631024688984e-10
2.2142909507395e-14	0.629547619047619	0.919327698846741	0.491	0.226	4.47641058601497e-10
2.29328239118667e-14	0.355294642857143	-2.29278174922785	0.399	0.57	4.63609968202296e-10
2.36098045872275e-14	0.634636904761905	0.913152055604808	0.539	0.272	4.7729580953539e-10
2.3798657423235e-14	0.61891369047619	0.920510204897646	0.402	0.162	4.81113658468118e-10
2.41374188506088e-14	0.381568452380952	-1.54226962322369	0.119	0.344	4.87962059483908e-10
2.83115251821292e-14	0.64271130952381	0.724369533675497	0.676	0.402	5.72345793081925e-10
3.12646842972857e-14	0.609559523809524	1.00285965413924	0.342	0.122	6.32046857753927e-10
3.41061927746235e-14	0.640306547619048	0.741292961306003	0.634	0.358	6.89490793131788e-10
3.79617908376428e-14	0.618589285714286	1.26672517081064	0.396	0.168	7.67435563573788e-10
3.94154662561344e-14	0.638035714285714	0.890949051739497	0.595	0.332	7.96823065834012e-10
3.99565841981156e-14	0.648833333333333	0.75090706821439	0.762	0.514	8.07762306149106e-10
4.23258155014477e-14	0.608931547619048	1.18777817757047	0.336	0.122	8.55658686177266e-10
5.69635476648868e-14	0.607669642857143	1.14324716446252	0.333	0.12	1.15157507959335e-09
5.80764032432963e-14	0.6418125	0.702772220041926	0.69	0.41	1.17407256796648e-09
6.83915334301842e-14	0.619705357142857	0.85033354089669	0.426	0.18	1.3826032398246e-09
6.86097661893005e-14	0.603032738095238	1.06074924563205	0.31	0.102	1.3870150332829e-09
8.49847567200034e-14	0.636863095238095	0.710970385633262	0.628	0.356	1.71805184185159e-09
1.05684169567651e-13	0.629279761904762	0.88173711838018	0.518	0.264	2.13651117197963e-09
1.08507368075769e-13	0.623523809523809	0.817518164349548	0.464	0.214	2.19358495301974e-09
1.10773775979374e-13	0.620693452380952	1.04581781367307	0.432	0.196	2.23940265519903e-09
1.16466246046551e-13	0.592232142857143	1.05430641955792	0.256	0.07	2.35448163007708e-09
1.17888916402718e-13	0.367824404761905	-1.35426407700705	0.25	0.48	2.38324233399736e-09
1.50087870939981e-13	0.613342261904762	0.980891177052295	0.384	0.156	3.03417639892265e-09
1.70832860301833e-13	0.624267857142857	0.821956719922178	0.479	0.226	3.45355710386185e-09
1.74542822263928e-13	0.608803571428571	1.01645842273317	0.354	0.134	3.52855769488757e-09
1.85570853616565e-13	0.620348214285714	0.946474109742252	0.44	0.2	3.75150037671248e-09
1.89219461647226e-13	0.638309523809524	1.00248370754665	0.634	0.4	3.82526063666032e-09
2.03405381278992e-13	0.627583333333333	0.792796043987994	0.518	0.266	4.11204318793609e-09
2.10313867378638e-13	0.645764880952381	0.721156391856623	0.821	0.584	4.25170514292654e-09
2.45571638002075e-13	0.636523809523809	0.729274298258415	0.64	0.372	4.96447623384995e-09
2.56709735360226e-13	0.607446428571429	0.985221777172869	0.348	0.134	5.18964401004233e-09
2.60532304646776e-13	0.623392857142857	0.949863096135051	0.47	0.232	5.26692107073922e-09
2.84556649844548e-13	0.379014880952381	-1.99512752209565	0.176	0.39	5.75259723325738e-09
3.05420345926883e-13	0.629279761904762	0.963736456013228	0.533	0.288	6.17437771325787e-09
3.08664920848663e-13	0.631782738095238	0.971150794411902	0.571	0.322	6.23997003987658e-09
3.16964293311787e-13	0.626104166666667	0.918384803379441	0.503	0.256	6.4077501535911e-09
3.51080864721743e-13	0.612026785714286	0.968381396148126	0.384	0.162	7.09745076121476e-09
3.97517233802686e-13	0.626994047619048	0.838454815802875	0.527	0.27	8.03620839855509e-09
4.49530703976089e-13	0.595595238095238	1.01870459893787	0.283	0.09	9.08771271158061e-09
5.52288539667006e-13	0.620613095238095	1.11555129865649	0.446	0.228	1.11650651179082e-08
6.09948829032615e-13	0.592946428571429	1.2445860063542	0.268	0.084	1.23307255277233e-08
6.13034309039436e-13	0.595752976190476	1.10619940383193	0.286	0.092	1.23931015915412e-08
6.42785136633788e-13	0.639318452380952	0.670491316278191	0.75	0.496	1.29945443221887e-08
7.36651561254501e-13	0.35791369047619	-1.1441148220923	0.607	0.726	1.4892147962321e-08
8.64689471020369e-13	0.632244047619048	1.02698954546336	0.592	0.348	1.74805623461478e-08
8.72562844639514e-13	0.589488095238095	0.961197015166435	0.256	0.074	1.76397304672324e-08
1.21501867757326e-12	0.593214285714286	1.01282404035758	0.277	0.09	2.4562817585821e-08
1.42945617023387e-12	0.598866071428571	0.905763930154234	0.312	0.112	2.8897885937448e-08
1.53781243700602e-12	0.598761904761905	0.94926919787907	0.312	0.112	3.10884162265136e-08
1.626854487903e-12	0.598309523809524	0.975154807503151	0.31	0.112	3.2888490327447e-08
1.63200748647037e-12	0.613511904761905	0.828267356017905	0.423	0.186	3.29926633464849e-08
2.0964657672707e-12	0.622559523809524	0.719687602734371	0.524	0.27	4.23821519511445e-08
2.19409105405906e-12	0.602830357142857	1.00403175401905	0.339	0.136	4.4355744748858e-08
2.19454905464997e-12	0.3711875	-1.21040747518258	0.321	0.516	4.43650036888039e-08
2.37019150411277e-12	0.591205357142857	1.14928870874801	0.268	0.09	4.79157914471439e-08
2.6565570460335e-12	0.386699404761905	-1.57853623156172	0.164	0.368	5.37049572426133e-08
2.98344490474747e-12	0.601053571428571	1.05559232596332	0.33	0.132	6.03133221943749e-08
3.06785666924962e-12	0.62625	0.63441443460324	0.586	0.328	6.20197904255504e-08
3.33704553877052e-12	0.6176875	0.842575782126805	0.467	0.234	6.74617126117847e-08
3.46428825019639e-12	0.593014880952381	1.11453149792302	0.283	0.098	7.00340512659702e-08
3.76373388813974e-12	0.608145833333333	0.90155181704887	0.387	0.172	7.6087644282633e-08
3.91667174636203e-12	0.612425595238095	0.874469117916141	0.426	0.2	7.91794360244549e-08
4.40876799857598e-12	0.406217261904762	-1.37393145783057	0.065	0.252	8.91276538592119e-08
4.86775491076023e-12	0.622604166666667	0.749444533447897	0.539	0.298	9.84065332759288e-08
5.28612277777201e-12	0.624389880952381	0.745557986912219	0.565	0.318	1.06864258075439e-07
5.3717090772409e-12	0.608002976190476	0.95621725640715	0.39	0.174	1.08594470705502e-07
5.70185305142493e-12	0.616494047619048	0.895914753224119	0.467	0.238	1.15268661287606e-07
5.70579353991514e-12	0.402583333333333	-1.64834974821383	0.086	0.272	1.15348322202924e-07
5.84755812815338e-12	0.638244047619048	0.556689693253749	0.881	0.726	1.18214235118749e-07
8.32045876246481e-12	0.606130952380952	0.859150006662321	0.384	0.172	1.68206394341989e-07
1.14845971361579e-11	0.602502976190476	0.905814359049179	0.36	0.154	2.32172615704567e-07
1.16689111254618e-11	0.606809523809524	0.831483192950496	0.402	0.172	2.35898707312337e-07
1.23773719526518e-11	0.619360119047619	0.770340919854248	0.527	0.284	2.50220951394809e-07
1.30440348815522e-11	0.606348214285714	0.836501267717121	0.396	0.176	2.6369820916546e-07
1.58481823164387e-11	0.597258928571429	0.947000808982671	0.324	0.132	3.20386853709124e-07
1.64339453429261e-11	0.592669642857143	0.951045607612868	0.298	0.11	3.32228639052593e-07
1.86054234002716e-11	0.618467261904762	0.892040283932963	0.512	0.284	3.76127239459891e-07
1.9124090592448e-11	0.619785714285714	0.716023613359547	0.542	0.302	3.86612615416928e-07
2.00690236742493e-11	0.626389880952381	0.524433195956125	0.667	0.408	4.05715382598623e-07
2.20408066910442e-11	0.613086309523809	0.981756025913469	0.449	0.246	4.45576948066149e-07
2.29973579499495e-11	0.600854166666667	0.907493099288559	0.357	0.154	4.64914588316179e-07
2.33279897592186e-11	0.622026785714286	0.673471628282103	0.598	0.356	4.71598640972363e-07
2.46612863176584e-11	0.591672619047619	0.91021095390013	0.295	0.11	4.98552564197783e-07
2.89946078537049e-11	0.611306547619048	0.904938160695559	0.449	0.23	5.86154992370499e-07
3.3037141970104e-11	0.604267857142857	0.932491087885249	0.39	0.18	6.67878862067622e-07
3.33679952233779e-11	0.594625	1.44418384493836	0.31	0.13	6.74567391435807e-07
3.49998769174207e-11	0.62097619047619	0.717549700490819	0.58	0.33	7.07557511762576e-07
3.63836731563136e-11	0.594419642857143	0.876327248210309	0.318	0.126	7.35532336528035e-07
3.76815093199713e-11	0.406931547619048	-1.50005016164042	0.086	0.268	7.6176939241254e-07
3.77542393479602e-11	0.613193452380952	0.723248715411699	0.482	0.254	7.63239702658364e-07
3.77581912814959e-11	0.614431547619048	0.868210127444459	0.479	0.266	7.63319594946722e-07
3.94421610284597e-11	0.627386904761905	0.555771645295774	0.708	0.462	7.9736272735134e-07
4.02638502458616e-11	0.621127976190476	0.684918846396611	0.589	0.338	8.13973996570337e-07
4.15469882200226e-11	0.585654761904762	0.92755993254384	0.265	0.09	8.39913913855978e-07
4.47495614020566e-11	0.584395833333333	0.984254888160813	0.256	0.088	9.04657133303976e-07
4.58255888065072e-11	0.610964285714286	0.4877590421877	0.47	0.23	9.26410103312349e-07
4.62853370047517e-11	0.584568452380952	0.910739898009039	0.259	0.088	9.35704372888061e-07
4.80964571460446e-11	0.623032738095238	0.629245988198808	0.646	0.422	9.72317977664437e-07
5.44184260067407e-11	0.628910714285714	0.495153287568467	0.801	0.522	1.10012290015227e-06
5.53189167484428e-11	0.612502976190476	0.905542912146772	0.479	0.258	1.11832722098652e-06
5.92835212912933e-11	0.614375	0.690211825466464	0.506	0.274	1.19847566642479e-06
6.12968265989493e-11	0.602330357142857	0.762972232295155	0.39	0.178	1.23917664652436e-06
8.6006286893346e-11	0.627071428571429	0.594701503921425	0.753	0.552	1.73870309583588e-06
8.7574432471575e-11	0.607181547619048	0.793501937857228	0.438	0.218	1.77040472684536e-06
8.81549466974907e-11	0.394752976190476	-1.17918810633485	0.176	0.366	1.78214040243647e-06
1.01312414763773e-10	0.610860119047619	0.718595951478499	0.488	0.262	2.04813177686444e-06
1.0863543689348e-10	0.619392857142857	0.814914405508975	0.592	0.358	2.19617399223859e-06
1.10471322746609e-10	0.582690476190476	0.856219502331626	0.256	0.088	2.23328826064544e-06
1.10975134891378e-10	0.618086309523809	0.724026538458708	0.583	0.34	2.24347332696411e-06
1.14318690454211e-10	0.614205357142857	0.619372241641875	0.533	0.298	2.31106664622232e-06
1.23558677651606e-10	0.591967261904762	1.87531269353941	0.304	0.134	2.49786222740487e-06
1.2411814673044e-10	0.610092261904762	0.750968453565181	0.476	0.252	2.50917245430258e-06
1.25989747609331e-10	0.584958333333333	1.04128770056658	0.268	0.1	2.54700873767023e-06
1.30426634484504e-10	0.613940476190476	0.73636166125811	0.527	0.304	2.63670484273873e-06
1.33241383459091e-10	0.628342261904762	0.725857204033128	0.798	0.6	2.69360780800899e-06
1.35511617785079e-10	0.583300595238095	1.03264378989574	0.259	0.094	2.73950286514317e-06
1.43944236005368e-10	0.398136904761905	-1.59468438588228	0.164	0.34	2.90997667508451e-06
1.59809402323115e-10	0.404041666666667	-1.29425313644451	0.122	0.304	3.23070687736409e-06
1.6295305415297e-10	0.58533630952381	1.29593288635442	0.271	0.104	3.29425894275645e-06
2.05324560022405e-10	0.617779761904762	0.597964394785151	0.631	0.386	4.15084130541295e-06
2.10084880930505e-10	0.593166666666667	0.776416050639201	0.333	0.142	4.24707595289109e-06
2.16913774093184e-10	0.585017857142857	0.849325308074704	0.277	0.104	4.3851288570678e-06
2.23316104700387e-10	0.597583333333333	0.905814359049179	0.363	0.174	4.51455837262303e-06
2.31257012903674e-10	0.616556547619048	0.695970958716019	0.583	0.36	4.67509177286068e-06
2.39284477437607e-10	0.6260625	0.463827824406005	0.815	0.586	4.83737499587867e-06
2.44043315917656e-10	0.392985119047619	-1.31802662876669	0.217	0.402	4.93357967459133e-06
2.64851536464505e-10	0.601026785714286	0.746829222250228	0.402	0.198	5.35423866116644e-06
2.64888311484769e-10	0.606270833333333	0.707844284646542	0.446	0.24	5.35498210497608e-06
2.65196147318115e-10	0.627514880952381	0.380794860202892	0.926	0.68	5.36120531418301e-06
3.39627192758775e-10	0.61172619047619	0.744440714728353	0.527	0.308	6.8659033288114e-06
3.46122025849504e-10	0.597098214285714	0.868989120466025	0.369	0.176	6.99720287457357e-06
3.62569806502037e-10	0.604744047619048	0.807646405044935	0.44	0.238	7.32971120824519e-06
4.090051952813e-10	0.597065476190476	0.852803080046221	0.372	0.176	8.26844902780677e-06
4.15007335577876e-10	0.586422619047619	0.811477244034644	0.295	0.116	8.38978829604234e-06
4.19754065942436e-10	0.411928571428571	-1.32145109205912	0.095	0.264	8.48574819709228e-06
4.26499545835084e-10	0.605982142857143	0.691070828195557	0.47	0.248	8.62211481860206e-06
4.93591762707609e-10	0.401363095238095	-1.16349873228288	0.158	0.344	9.97845107489702e-06
5.02586041491631e-10	0.611467261904762	1.09484397822619	0.512	0.318	1.01602794147948e-05
5.03883409719343e-10	0.603502976190476	0.673191110696373	0.446	0.23	1.01865070108862e-05
5.07623414919178e-10	0.582267857142857	0.872015554330059	0.268	0.102	1.02621149560061e-05
5.27858586242147e-10	0.625122023809524	0.505097729783782	0.902	0.738	1.06711891794712e-05
5.70607390810088e-10	0.620160714285714	0.578085337347036	0.729	0.522	1.15353990126167e-05
7.48340422108736e-10	0.597738095238095	0.759503868001959	0.393	0.192	1.51284499733502e-05
7.72144615597831e-10	0.585136904761905	0.727138224331687	0.295	0.118	1.56096755489257e-05
8.38446309360103e-10	0.579583333333333	0.868511662619742	0.256	0.096	1.69500305900238e-05
8.4113565709465e-10	0.600369047619048	0.756532963013705	0.417	0.216	1.70043984438255e-05
8.98049649262306e-10	0.615184523809524	0.490739476018966	0.667	0.412	1.81549717094868e-05
9.75889043062678e-10	0.602157738095238	0.74323546514229	0.443	0.238	1.97285728945551e-05
1.01681701588578e-09	0.599178571428571	0.752522875077768	0.405	0.212	2.05559727931469e-05
1.03257111363144e-09	0.598747023809524	0.680273588410345	0.414	0.206	2.08744576331731e-05
1.07396257899699e-09	0.581425595238095	0.849325308074704	0.271	0.106	2.17112274970031e-05
1.23000710368243e-09	0.60260119047619	0.637067024112085	0.464	0.246	2.4865823608044e-05
1.2749615734909e-09	0.593145833333333	0.778137105203132	0.357	0.17	2.5774623169692e-05
1.37665509984085e-09	0.594401785714286	0.784718725614574	0.372	0.186	2.78304594983827e-05
1.45889295715036e-09	0.601375	0.709086561590769	0.446	0.24	2.94929800217516e-05
1.55996841231647e-09	0.578800595238095	0.795123026484791	0.259	0.098	3.15363214233897e-05
1.57335220381053e-09	0.608223214285714	0.784394837451014	0.527	0.324	3.18068881522337e-05
1.83535505082914e-09	0.582258928571429	0.943267116590185	0.28	0.118	3.71035377075619e-05
1.87002112670569e-09	0.605354166666667	0.655671489935935	0.503	0.296	3.78043470974822e-05
1.88583020919832e-09	0.582452380952381	0.740612346667687	0.286	0.116	3.81239435091532e-05
2.00298106469704e-09	0.611297619047619	0.592798340135261	0.619	0.388	4.04922652039153e-05
2.00480912549631e-09	0.60102380952381	0.822128097367317	0.438	0.246	4.05292212810335e-05
2.05790635099408e-09	0.607255952380952	0.892318482350995	0.509	0.32	4.16026347916963e-05
2.2607571391848e-09	0.598648809523809	0.735632439867531	0.423	0.224	4.57034663257598e-05
2.35055753526688e-09	0.591964285714286	0.68152660774078	0.366	0.174	4.75188711329553e-05
2.54738342233214e-09	0.607720238095238	0.615485332546432	0.554	0.342	5.14979032658666e-05
2.70079482546077e-09	0.6025	0.589207710886491	0.485	0.27	5.45992681915149e-05
2.89121934891904e-09	0.578672619047619	0.809299540158483	0.265	0.104	5.84488903577473e-05
2.8918975711658e-09	0.617017857142857	0.533725198348956	0.753	0.566	5.84626012986877e-05
2.9514649016791e-09	0.614711309523809	0.533381111789387	0.732	0.522	5.96668144523447e-05
3.11772416271628e-09	0.416017857142857	-1.30500141324611	0.104	0.262	6.30279116734722e-05
3.15070889835223e-09	0.5855625	0.849268563790998	0.31	0.142	6.36947310890887e-05
3.18292200670056e-09	0.607491071428571	0.589913215247295	0.56	0.344	6.43459512874586e-05
3.22167943652445e-09	0.58035119047619	0.807438802114658	0.277	0.114	6.51294714887783e-05
3.5403616069126e-09	0.603196428571429	0.823468703564771	0.482	0.288	7.15719502453452e-05
3.61076215686502e-09	0.59725	0.738286138918258	0.423	0.23	7.29951677631831e-05
3.684304548414e-09	0.601059523809524	0.880301393954654	0.452	0.264	7.44819007507375e-05
3.69076601441009e-09	0.582988095238095	0.646676708837103	0.298	0.128	7.46125257473143e-05
4.07968264630055e-09	0.403440476190476	-1.16473550478973	0.196	0.368	8.24748643776118e-05
4.28882554946302e-09	0.588113095238095	0.730552855621603	0.342	0.16	8.67028973079444e-05
4.31369975633222e-09	0.59378869047619	0.8632186060929	0.387	0.202	8.72057542740122e-05
4.68030472330010e-09	0.595434523809524	0.696166153184023	0.414	0.218	9.46170402862347e-05
4.77900857335822e-09	0.583529761904762	0.799709236347485	0.304	0.136	9.66124373190097e-05
4.88149106830205e-09	0.576845238095238	0.802353045305275	0.259	0.102	9.86842234367943e-05
4.98206840407675e-09	0.576502976190476	0.816133470023159	0.256	0.102	0.000100717494856816
5.18006240555792e-09	0.389696428571429	-0.927157136527094	0.399	0.558	0.000104720141590759
6.01337815713726e-09	0.600297619047619	0.514573172829758	0.488	0.262	0.000121566452824687
6.19935946399145e-09	0.579026785714286	0.730839491369365	0.277	0.116	0.000125326250924051
6.43926003999837e-09	0.575505952380952	0.791272013724123	0.253	0.1	0.000130176080968607
6.6813943597699e-09	0.615452380952381	0.336416463490541	0.863	0.63	0.000135071068377108
6.8506095579808e-09	0.586988095238095	0.748445091051924	0.336	0.164	0.00013849192282414
6.97531489210666e-09	0.606717261904762	0.531294020868332	0.595	0.362	0.000141012965858828
7.8347961412709e-09	0.607383928571429	0.637460087058035	0.595	0.398	0.000158388238791932
7.96435007362099e-09	0.583699404761905	0.814968106167479	0.312	0.146	0.000161007301088322
7.96528435215764e-09	0.577136904761905	0.954727349177746	0.262	0.112	0.000161026188463219
8.01016077210917e-09	0.415473214285714	-1.02671207564876	0.119	0.282	0.000161933410168959
8.43801834474767e-09	0.591883928571429	0.852146448593956	0.384	0.2	0.000170582978857419
8.77230772226817e-09	0.582440476190476	0.654953898658055	0.307	0.138	0.000177340972913373
8.9736248960231e-09	0.587297619047619	0.804389082563368	0.342	0.172	0.000181410800898003
1.02677992862227e-08	0.611017857142857	0.481354531657635	0.723	0.504	0.000207573830370278
1.04138874055129e-08	0.587958333333333	0.653175695835003	0.36	0.174	0.000210527147789848
1.05614865692977e-08	0.607133928571429	0.520970944027909	0.625	0.41	0.000213511012484922
1.10544039382668e-08	0.594675595238095	0.728656312501504	0.426	0.236	0.000223475830016001
1.1342557044531e-08	0.583002976190476	0.744307569507374	0.315	0.146	0.000229301133212238
1.23729422644942e-08	0.577202380952381	0.898622979624918	0.271	0.116	0.000250131400819014
1.38113430625452e-08	0.598833333333333	0.646543000921189	0.485	0.284	0.000279210111352413
1.41170057259882e-08	0.60852380952381	0.507245342698565	0.664	0.46	0.000285389387756577
1.48526879307027e-08	0.574327380952381	0.725980553472404	0.256	0.104	0.000300261939207085
1.51510219221837e-08	0.5791875	0.801735849556444	0.289	0.13	0.000306293059178865
1.71845765272245e-08	0.400886904761905	-0.810704789945283	0.274	0.438	0.000347403399074372
1.86043499569353e-08	0.60828869047619	0.450500969918982	0.723	0.496	0.000376105538729404
2.1353331053641e-08	0.6069375	0.427772669989209	0.726	0.48	0.000431678940580406
2.18879743449981e-08	0.589985119047619	0.59287226105592	0.399	0.208	0.000442487289358481
2.25547409557636e-08	0.602529761904762	0.493065355289128	0.592	0.372	0.000455966643161718
2.371725729427e-08	0.59089880952381	0.83650126771712	0.399	0.222	0.000479468073460963
2.3887303999932e-08	0.604869047619048	0.501742423495262	0.631	0.42	0.000482905737662625
2.5105838695415e-08	0.398592261904762	-0.877447673724114	0.33	0.49	0.000507539635066509
2.58389406702218e-08	0.597767857142857	0.65700755742603	0.491	0.29	0.000522360024589203
2.71370986467307e-08	0.599291666666667	0.625803002370585	0.515	0.318	0.000548603586242307
2.72549203087819e-08	0.57910119047619	0.75713302902163	0.298	0.138	0.000550985468962334
2.90185447845585e-08	0.602940476190476	0.330530565913774	0.61	0.374	0.000586638901364635
2.96537691707029e-08	0.575235119047619	0.70450572190713	0.271	0.118	0.00059948059755493
2.99246234215935e-08	0.580113095238095	0.645238743824843	0.31	0.144	0.000604956187090935
3.06309853171475e-08	0.579508928571429	0.716580353975845	0.304	0.142	0.000619235999171453
3.09692433820068e-08	0.392613095238095	-0.975963128583897	0.503	0.608	0.00062607422421065
3.2621156463905e-08	0.588877976190476	0.666136353162423	0.39	0.21	0.000659469299074304
3.48042861365864e-08	0.573625	0.721024050297185	0.262	0.112	0.000703603448537231
3.77019827226707e-08	0.579943452380952	0.755882807508836	0.31	0.15	0.000762183282721512
3.7870182323197e-08	0.581220238095238	1.14703408167013	0.312	0.16	0.000765583605845751
3.8286208117606e-08	0.600095238095238	0.514015178221801	0.542	0.342	0.000773993983305524
3.9594232030655e-08	0.582053571428571	0.749227446452756	0.327	0.164	0.000800436994731721
4.21766834186857e-08	0.599577380952381	0.678123020102843	0.533	0.342	0.00085264383199215
4.37207356865532e-08	0.587952380952381	0.705256734438868	0.39	0.212	0.000883858392639359
4.64115126070543e-08	0.600684523809524	0.495802291064727	0.592	0.388	0.000938255138864209
4.74942026213886e-08	0.586458333333333	0.547277337902464	0.378	0.2	0.000960142800193991
4.76474405764193e-08	0.604958333333333	0.434385440497559	0.688	0.474	0.000963240658692892
4.79673173351403e-08	0.595029761904762	0.582670689213167	0.491	0.288	0.000969707287247197
4.85504528432177e-08	0.576616071428571	0.746640655203987	0.289	0.132	0.000981495954678489
5.26688461558497e-08	0.577964285714286	0.63811982022558	0.304	0.14	0.00106475339388666
5.27001517535407e-08	0.598708333333333	0.526692102778345	0.562	0.338	0.00106538626784958
5.55347052729175e-08	0.588181547619048	0.577944967002478	0.405	0.218	0.0011226896017973
5.84891992736361e-08	0.583633928571429	0.652268429590925	0.357	0.18	0.00118241765251583
6.07723680361346e-08	0.587842261904762	0.655605148453805	0.396	0.22	0.0012285741922185
6.27503281977551e-08	0.413279761904762	-0.97253374657751	0.182	0.342	0.00126856063484582
6.34363695310927e-08	0.570872023809524	0.824326553771018	0.25	0.106	0.00128242964644057
6.97573453006977e-08	0.575002976190476	0.649205815135767	0.283	0.128	0.0014102144925989
7.00294137776979e-08	0.592696428571429	0.628917531894752	0.461	0.276	0.00141571462892994
7.01151731144306e-08	0.58821130952381	0.693419925402171	0.402	0.23	0.00141744833968133
7.51494313838703e-08	0.578979166666667	0.684498174272071	0.315	0.156	0.00151922090485632
7.5688411029899e-08	0.59525	0.540465965314576	0.512	0.31	0.00153011691738044
8.18687352087331e-08	0.58335119047619	0.674328541998995	0.357	0.19	0.00165505835097975
8.35980614511664e-08	0.600928571428571	0.610470021280178	0.625	0.422	0.00169001841029678
9.72795089427656e-08	0.579622023809524	0.763988767932753	0.324	0.166	0.00196660255278695
9.88792823172087e-08	0.590604166666667	0.453172628165615	0.461	0.264	0.00199894357132469
1.10794178858245e-07	0.5881875	0.534307340488434	0.429	0.234	0.00223981511979829
1.18450880478103e-07	0.424267857142857	-1.47051861987407	0.119	0.26	0.00239460299974533
1.20659431558787e-07	0.57066369047619	0.673323098715393	0.259	0.114	0.00243925106839243
1.21516423505107e-07	0.405681547619048	-0.859936519866476	0.289	0.456	0.00245657601757924
1.23064456670166e-07	0.577214285714286	0.627768246287038	0.312	0.152	0.00248787105604407
1.28110563478387e-07	0.577238095238095	0.657153012388183	0.312	0.154	0.00258988315127907
1.41216909853192e-07	0.577741071428571	0.645711746353206	0.318	0.16	0.00285484104959213
1.43611526266864e-07	0.597857142857143	0.584054002554554	0.592	0.414	0.00290325061501093
1.48817753289751e-07	0.590952380952381	0.511405893751075	0.473	0.29	0.0030084997005056
1.52813328722746e-07	0.597547619047619	0.579328505460917	0.58	0.39	0.00308927425345902
1.54744515420132e-07	0.583821428571429	0.82863914994415	0.372	0.214	0.00312831512373339
1.62721243922076e-07	0.604419642857143	0.400580615929092	0.845	0.636	0.00328957266712868
1.68890920621984e-07	0.595839285714286	0.558799780427108	0.545	0.356	0.00341429885129402
1.90319648006328e-07	0.588383928571429	0.564696652255595	0.449	0.264	0.00384750200409593
2.01539337726733e-07	0.572377976190476	0.665198991668166	0.28	0.132	0.00407431925148364
2.05180149039196e-07	0.589886904761905	0.586614541753428	0.464	0.282	0.00414792189297639
2.0655843030713e-07	0.569592261904762	0.646001461606281	0.259	0.116	0.00417578522708894
2.15972293706494e-07	0.585059523809524	0.599462070416271	0.408	0.234	0.00436609588957049
2.19152598902507e-07	0.590309523809524	0.560087832082127	0.479	0.294	0.00443038893941309
2.29991969925317e-07	0.601205357142857	0.418810800595705	0.699	0.502	0.0046495176640102
2.32783826804325e-07	0.599747023809524	0.389980716210965	0.744	0.516	0.00470595784267623
2.39606477639468e-07	0.573297619047619	0.641834192189513	0.292	0.14	0.00484388455195948
2.4047881701317e-07	0.424931547619048	-1.04619138009907	0.128	0.268	0.00486151976473825
2.65698208681557e-07	0.594529761904762	0.487137429937599	0.568	0.382	0.00537135498670635
2.66474679209824e-07	0.582973214285714	0.736041085937908	0.381	0.218	0.00538705211490581
2.80075252523217e-07	0.592139880952381	0.478559208471823	0.53	0.34	0.00566200130500935
2.82963436890634e-07	0.590279761904762	0.581959572447302	0.488	0.306	0.00572038884018105
3.13421131633783e-07	0.573696428571429	0.698651732443548	0.298	0.15	0.00633612159710855
3.18158145349133e-07	0.5685625	0.795224992138601	0.256	0.118	0.00643188506637807
3.52803934045399e-07	0.42603869047619	-1.22851852413329	0.131	0.266	0.00713228433066179
3.78632420778574e-07	0.404125	-0.674160835171743	0.408	0.546	0.00765443301845966
3.8753955725379e-07	0.599526785714286	0.411818829360527	0.777	0.55	0.00783449968944262
3.95837398163911e-07	0.574080357142857	0.698677109441832	0.307	0.156	0.00800224884128163
3.98190661631073e-07	0.427136904761905	-0.949601105111887	0.122	0.262	0.00804982241553376
4.02996166879263e-07	0.570303571428571	0.549387943424918	0.277	0.13	0.00814697050963119
4.15298781588178e-07	0.580955357142857	0.571138055823354	0.375	0.21	0.00839568016858661
4.29281919578036e-07	0.571815476190476	0.598591456038942	0.289	0.142	0.00867836328618957
4.32909342454215e-07	0.588660714285714	0.451353340357202	0.494	0.3	0.0087516952670544
4.44701779489623e-07	0.5921875	0.478231325766038	0.557	0.366	0.00899009117416221
4.62948799608897e-07	0.578735119047619	0.673221109033764	0.357	0.196	0.00935897293289346
4.74872315096405e-07	0.599026785714286	0.361754075380551	0.807	0.592	0.00960001872198893
4.89183743126338e-07	0.42896130952381	-1.06565140888473	0.113	0.252	0.00988933855104205
4.89315136392311e-07	0.578952380952381	0.504519508165835	0.366	0.198	0.00989199479730695
4.90340345617154e-07	0.582252976190476	0.562639831398971	0.393	0.226	0.00991272042699638
5.07359702300966e-07	0.575660714285714	0.700128825985835	0.327	0.172	0.0102567837417163
5.09519021329988e-07	0.428880952380952	-0.978143690270961	0.116	0.254	0.010300436535207
5.39933454274433e-07	0.592752976190476	0.48961575000819	0.577	0.384	0.0109152947116119
5.43760008283437e-07	0.582428571428571	0.677165528037601	0.399	0.234	0.010992652327458
5.45873523756937e-07	0.577169642857143	0.627177448628094	0.345	0.186	0.0110353791562702
5.70476289323732e-07	0.58647619047619	0.479094314429921	0.467	0.286	0.0115327486649686
5.80436474000716e-07	0.596440476190476	0.489713050933565	0.673	0.494	0.0117341037583985
5.94078537442982e-07	0.415520833333333	-0.868326879787599	0.238	0.386	0.0120098917129473
5.97340042220142e-07	0.586583333333333	0.548054442710312	0.467	0.294	0.0120758262935224
6.27580648843749e-07	0.572071428571429	0.569453799376703	0.301	0.152	0.0126871703970252
7.20561568674387e-07	0.574794642857143	0.569965173171774	0.33	0.174	0.0145668726723214
7.54711092882234e-07	0.578416666666667	0.56250764989346	0.369	0.208	0.0152572394537072
7.55930206947848e-07	0.422291666666667	-1.14790187723186	0.182	0.316	0.0152818850636577
7.5603848757955e-07	0.5895	0.559302257372185	0.53	0.342	0.0152840740649082
7.56248767116886e-07	0.574827380952381	0.74110005181765	0.324	0.176	0.015288325076035
8.06032477821234e-07	0.585505952380952	0.566049390320844	0.467	0.288	0.0162947525716341
8.40751629476208e-07	0.566857142857143	0.614108846380673	0.262	0.124	0.016996634941491
8.46484284046976e-07	0.567892857142857	0.7213420697057	0.268	0.132	0.0171125262862937
8.50031835684423e-07	0.581020833333333	0.485227241255662	0.411	0.236	0.0171842435901963
8.65776851239916e-07	0.594928571428571	0.497686611804559	0.664	0.49	0.0175025448246661
8.7546495691307e-07	0.587767857142857	0.490325626583081	0.521	0.334	0.0176983995689546
9.61973922380025e-07	0.580110119047619	0.616692007394675	0.396	0.23	0.0194472648148346
9.68330782980145e-07	0.567190476190476	0.634312417103854	0.265	0.13	0.0195757751087266
1.04130481435262e-06	0.577592261904762	0.546108746262865	0.372	0.21	0.0210510181269525
1.04352955373644e-06	0.570321428571429	0.626346421486275	0.295	0.15	0.0210959934583358
1.05820089174941e-06	0.5951875	0.377454316470687	0.729	0.532	0.021392589227606
1.06405187138213e-06	0.566422619047619	0.63620261723129	0.262	0.126	0.0215108726318612
1.06410445373614e-06	0.591494047619048	0.435822923023944	0.613	0.412	0.0215119356367299
1.15592482603088e-06	0.407931547619048	-1.04695277265473	0.426	0.542	0.0233681762830403
1.19474916649058e-06	0.570488095238095	0.673918241615976	0.298	0.156	0.0241530491497736
1.29404349979964e-06	0.582110119047619	0.502346870496499	0.438	0.268	0.0261603833919495
1.39369597080926e-06	0.587803571428571	0.456763905187543	0.551	0.366	0.0281749577458801
1.40463005766172e-06	0.566589285714286	0.641346717858489	0.268	0.132	0.0283960012456892
1.42800471073489e-06	0.565934523809524	0.55772412533758	0.265	0.128	0.0288685432322166
1.48827164124236e-06	0.584717261904762	0.44368650679811	0.494	0.312	0.0300868994993556
1.51578607126373e-06	0.596729166666667	0.279163957617293	0.896	0.69	0.0306431312166677
1.5870586417318e-06	0.565497023809524	0.602477948542395	0.262	0.128	0.0320839775012501
1.58974856716826e-06	0.57825	0.786775893937148	0.381	0.23	0.0321383570338735
1.6390907747703e-06	0.574747023809524	0.761678090960234	0.342	0.198	0.0331358591027563
1.641696658684e-06	0.574172619047619	0.643856189774725	0.342	0.194	0.0331885396519558
1.66873150035873e-06	0.580508928571429	0.497762779189685	0.426	0.262	0.0337350760112522
1.73749025401803e-06	0.574008928571429	0.544830993922439	0.348	0.192	0.0351251029752285
1.76960044739219e-06	0.566196428571429	0.580009707750099	0.271	0.134	0.0357742426444805
1.77861867191425e-06	0.570875	1.17635127060175	0.304	0.17	0.0359565550714184
1.79077037542191e-06	0.5931875	0.305897344337781	0.756	0.554	0.0362022139095293
1.81238394766957e-06	0.567261904761905	0.54904830929011	0.28	0.142	0.036639153886088
1.96817992404365e-06	0.586205357142857	0.428289644832511	0.533	0.358	0.0397887253444664
2.01413496982363e-06	0.577809523809524	0.967745800995373	0.378	0.24	0.0407177525499545
2.1397719279984e-06	0.571130952380952	0.560866825103693	0.321	0.174	0.0432576292964156
2.17880606304364e-06	0.569297619047619	0.676618880842485	0.301	0.16	0.0440467433704903
2.21912441911276e-06	0.594038690476191	0.378097146604395	0.845	0.614	0.0448618192567836
2.38272846993256e-06	0.592017857142857	0.370299007811777	0.744	0.548	0.0481692387481567
2.39993058461071e-06	0.580386904761905	0.491633190065871	0.446	0.272	0.0485169966984901
2.49988506935744e-06	0.588645833333333	0.394102164554709	0.619	0.432	0.05053767656213
2.56778842831769e-06	0.565895833333333	0.626346421486275	0.274	0.14	0.0519104108668703
2.58613672288532e-06	0.578089285714286	0.510760119718558	0.411	0.248	0.0522813399898496
2.75145599700633e-06	0.576181547619048	0.492546866499759	0.39	0.228	0.05562343443548
2.85495520524953e-06	0.585779761904762	0.42835673444566	0.536	0.368	0.0577157744293245
2.87357761681272e-06	0.566380952380952	0.579725852355009	0.283	0.146	0.058092245101486
2.92603342681096e-06	0.593431547619048	0.404087745925456	0.824	0.634	0.0591526917564103
2.95121932115152e-06	0.582455357142857	0.438908902897686	0.497	0.32	0.0596618497963992
3.09868404287959e-06	0.591449404761905	0.376220088721057	0.747	0.558	0.0626429966108538
3.12358762106125e-06	0.578196428571429	0.490545902183309	0.426	0.258	0.0631464473473743
3.20117017813297e-06	0.587708333333333	0.409939631639165	0.625	0.438	0.0647148563211361
3.21546970945524e-06	0.576464285714286	0.49720912998035	0.399	0.242	0.0650039356463471
3.41356708857123e-06	0.413095238095238	-0.763463396343282	0.438	0.52	0.069008672262556
3.44819432745313e-06	0.570645833333333	0.498085050041189	0.333	0.182	0.0697086965237924
3.79220238879694e-06	0.571473214285714	0.578490761472822	0.339	0.196	0.076663163491919
3.80084203225589e-06	0.576559523809524	0.521459558414998	0.408	0.248	0.076837822524085
4.02519067408469e-06	0.572113095238095	0.545955298314756	0.351	0.202	0.081373254667296
4.22297915134898e-06	0.571241071428571	0.611763381645425	0.339	0.198	0.085371746523671
4.29892146219038e-06	0.571342261904762	0.392991275987674	0.351	0.19	0.0869069962796407
4.55055295923636e-06	0.572247023809524	0.491812707896115	0.36	0.206	0.0919939786239223
4.58996093823628e-06	0.588107142857143	0.377431000375611	0.676	0.49	0.0927906503273846
4.70926555273518e-06	0.576553571428571	0.448054666405671	0.42	0.26	0.0952025124140944
4.75041332729791e-06	0.577092261904762	0.492055736268331	0.426	0.266	0.0960343558246546
4.99433361315842e-06	0.582723214285714	0.538113172313345	0.515	0.356	0.100965448323611
5.00233532652139e-06	0.569077380952381	0.435621831434936	0.327	0.18	0.101127210960956
5.0360911464464e-06	0.568154761904762	0.517432826968999	0.315	0.172	0.101809618616561
5.15464952433557e-06	0.578848214285714	0.415563166998593	0.47	0.294	0.104206394783968
5.23792604686257e-06	0.420014880952381	-1.51576905829673	0.31	0.406	0.105889912963374
5.24079620199249e-06	0.58558630952381	0.477074316026393	0.622	0.432	0.10594793601948
5.47503175320361e-06	0.566729166666667	0.741172176832832	0.298	0.166	0.110683241922764
5.52505748667227e-06	0.573535714285714	0.477395043635984	0.381	0.228	0.111694562150567
5.87419284946348e-06	0.587383928571429	0.569937639334876	0.655	0.498	0.118752682644754
6.02192432938621e-06	0.580672619047619	0.256097048958269	0.518	0.326	0.121739222242872
6.09674990736435e-06	0.574092261904762	0.404639145796918	0.396	0.234	0.123251896127278
6.16195520752654e-06	0.578919642857143	0.644092252123429	0.455	0.306	0.124570086475356
6.55007248048378e-06	0.425553571428571	-0.968851301429336	0.232	0.356	0.13241626526546
6.60799307789271e-06	0.564672619047619	0.476099025015122	0.283	0.154	0.133587188062679
6.69021106549389e-06	0.56635119047619	0.543055548987232	0.304	0.166	0.135249306900024
6.930466819216e-06	0.582154761904762	0.329758209309787	0.557	0.374	0.140106317217271
7.2889762343139e-06	0.562184523809524	0.620772576661683	0.265	0.138	0.14735394355289
7.34233321426821e-06	0.572413690476191	0.555692160155351	0.378	0.228	0.148432608259646
7.66694966673135e-06	0.573449404761905	0.495259697772924	0.39	0.24	0.154995054462641
7.67685891010064e-06	0.577464285714286	0.432868531710526	0.464	0.298	0.155195379726595
7.78106437963605e-06	0.565410714285714	0.586825244738346	0.298	0.162	0.157301997498722
8.07378192384725e-06	0.564482142857143	0.49145128737543	0.292	0.156	0.163219575372496
8.10531156393255e-06	0.561485119047619	0.364339369472091	0.265	0.132	0.16385697857646
8.14075137249248e-06	0.576366071428571	0.610332155635189	0.429	0.288	0.164573429746308
8.28038698158645e-06	0.584098214285714	0.41083221670839	0.613	0.44	0.167396303219752
8.44694217193908e-06	0.582735119047619	0.313930268962054	0.595	0.408	0.17076338294792
9.32429190560201e-06	0.566425595238095	0.922641627400027	0.307	0.178	0.18849988516365
9.34916829591753e-06	0.589107142857143	0.315742609423596	0.896	0.684	0.189002786270269
9.90923170839348e-06	0.569601190476191	0.513244112357239	0.354	0.21	0.200325028216883
9.9414157414697e-06	0.428324404761905	-0.942561863490503	0.214	0.336	0.200975660629551
1.0504504958891e-05	0.571142857142857	0.525220417029267	0.375	0.224	0.212359072248941
1.05196035272352e-05	0.574199404761905	0.276456399200294	0.429	0.254	0.212664304906587
1.10700289095445e-05	0.58402380952381	0.383346794765984	0.646	0.478	0.223791704435352
1.10802849486032e-05	0.559729166666667	0.695874031902402	0.25	0.132	0.223999040520963
1.11729384961777e-05	0.56296130952381	0.473266198672845	0.286	0.152	0.225872124638728
1.1280307674608e-05	0.565029761904762	0.495161866383537	0.307	0.17	0.228042699949875
1.13248056995263e-05	0.569595238095238	0.437158859263242	0.363	0.212	0.228942272021623
1.14223779637417e-05	0.564297619047619	0.49145128737543	0.301	0.164	0.230914792915002
1.19235900714108e-05	0.426613095238095	-0.875025194287705	0.25	0.364	0.241047296883642
1.2004292130574e-05	0.573196428571429	0.694610805192609	0.402	0.258	0.242678769711684
1.29075555862138e-05	0.559229166666667	0.546790692786461	0.253	0.13	0.260939143730898
1.41231790044668e-05	0.426172619047619	-0.774864232101025	0.262	0.382	0.2855141867543
1.41240598090302e-05	0.578639880952381	0.409559849443623	0.536	0.362	0.285531993099355
1.46415919592919e-05	0.57216369047619	0.426313168099673	0.411	0.252	0.295994423049044
1.52866089200469e-05	0.573196428571429	0.561002896317271	0.423	0.266	0.309034085927668
1.57214047966366e-05	0.559464285714286	0.680983690095834	0.256	0.138	0.317823919368805
1.59724945928708e-05	0.565657738095238	0.528248109726835	0.324	0.186	0.322899950689476
1.68909594072486e-05	0.563845238095238	0.678780405861934	0.301	0.172	0.341467635376937
1.91988863749021e-05	0.560232142857143	0.548339462562548	0.271	0.148	0.388124686955021
1.92950457454695e-05	0.559354166666667	0.472447697157081	0.265	0.14	0.390068644790412
1.94907828352557e-05	0.579580357142857	0.36392218355199	0.583	0.408	0.39402566579753
1.95543187595944e-05	0.575708333333333	0.399222998745182	0.497	0.336	0.395310108043959
2.05782664563714e-05	0.574604166666667	0.467120656215519	0.467	0.312	0.416010234682004
2.16696958969216e-05	0.429505952380952	-1.03931932106215	0.238	0.354	0.438074572252167
2.2432430415268e-05	0.563035714285714	0.644664195979486	0.301	0.176	0.453494013275058
2.3146770293336e-05	0.570130952380952	0.534799353551831	0.396	0.25	0.46793510825008
2.32133939852117e-05	0.571321428571429	0.433212727117357	0.423	0.268	0.469281972805039
2.33692753388655e-05	0.43047619047619	-0.695058609729696	0.22	0.352	0.472433270250504
2.33796369310993e-05	0.562791666666667	0.424333662046066	0.304	0.17	0.472642740199102
2.34941019837462e-05	0.558752976190476	0.643856189774725	0.259	0.144	0.474956765703414
2.34980811725785e-05	0.434252976190476	-0.97026299106063	0.182	0.302	0.475037208984848
2.62390837802226e-05	0.562375	0.594987668894598	0.301	0.174	0.53044931770098
2.6457966173998e-05	0.566020833333333	0.52295159062908	0.348	0.21	0.534874244173544
2.7111664025954e-05	0.430196428571429	-0.884561356798082	0.241	0.356	0.548089399948686
2.84638943374402e-05	0.572979166666667	0.366597144221091	0.467	0.312	0.57542608792569
2.86104812311244e-05	0.567595238095238	0.602793533152839	0.366	0.23	0.578389488568412
2.8812346543399e-05	0.565863095238095	0.52986935992627	0.345	0.21	0.582470397721355
3.00369164368837e-05	0.572053571428571	0.457213793387479	0.44	0.288	0.60722630268804
3.05705709580534e-05	0.567744047619048	0.472895141579888	0.378	0.24	0.618014662488007
3.13227655380573e-05	0.563997023809524	0.335038762669633	0.333	0.192	0.633221028117367
3.19839922803397e-05	0.570333333333333	0.462973403306028	0.423	0.272	0.646588387939347
3.2161445865844e-05	0.563145833333333	0.870151657159038	0.31	0.19	0.650175789623902
3.28138241475914e-05	0.560279761904762	0.380610384564644	0.289	0.16	0.663364268967708
3.30180707430465e-05	0.562568452380952	0.71018481793572	0.31	0.186	0.667493318141427
3.36870318541847e-05	0.556467261904762	0.536388758084622	0.25	0.134	0.681017035964197
4.06021253419519e-05	0.559449404761905	0.643407101820627	0.283	0.164	0.8208125659129
4.17363475313762e-05	0.568520833333333	0.311066468382694	0.411	0.254	0.843742001694301
4.29374355987758e-05	0.558720238095238	0.509247301232135	0.28	0.158	0.868023198064852
4.30349713968053e-05	0.55722619047619	0.494541468007699	0.265	0.146	0.869994981757817
4.34263711847737e-05	0.565875	0.46510098409809	0.366	0.234	0.877907519871385
4.38685266048166e-05	0.568976190476191	0.429876008254477	0.417	0.272	0.886846133842972
4.40737480731111e-05	0.568622023809524	0.422117903584776	0.411	0.266	0.890994891046015
4.55360660601885e-05	0.575297619047619	0.572034195389337	0.533	0.4	0.920557111472771
4.55487242723324e-05	0.558833333333333	0.579113425024469	0.28	0.162	0.920813009889472
4.61705008286203e-05	0.556889880952381	0.443557539288894	0.265	0.144	0.933382844751388
4.93330900637376e-05	0.441276785714286	-0.971240280375462	0.146	0.252	0.99731774872852
4.95226670070458e-05	0.571366071428571	0.464213415897614	0.476	0.326	1
5.10527840646201e-05	0.434633928571429	-0.849455893742388	0.22	0.328	1
5.33743402604489e-05	0.566008928571429	0.488173110908191	0.378	0.242	1
5.42060379248203e-05	0.434928571428571	-0.722760722672685	0.217	0.33	1
5.84949722885172e-05	0.562833333333333	0.360899326400194	0.345	0.204	1
6.08375793065178e-05	0.563279761904762	0.419069253297894	0.351	0.212	1
6.13840501300937e-05	0.557139880952381	0.747170376172262	0.268	0.158	1
6.14076653667515e-05	0.573	0.487335439854418	0.515	0.374	1
6.3631721409268e-05	0.557895833333333	0.471909190747201	0.283	0.164	1
6.3952318748702e-05	0.573964285714286	0.353793941900471	0.565	0.398	1
6.47475767615213e-05	0.5568125	0.436548095977332	0.274	0.154	1
6.48503303603949e-05	0.555122023809524	0.579680920482109	0.253	0.142	1
6.69835961340557e-05	0.561622023809524	0.409904362664554	0.333	0.2	1
7.15935063056294e-05	0.559196428571429	0.622794574246895	0.298	0.182	1
7.33602823270338e-05	0.566011904761905	0.383989063019614	0.402	0.256	1
7.41597916740704e-05	0.560931547619048	0.507268372206525	0.324	0.202	1
7.42686034533968e-05	0.55791369047619	0.486675927052439	0.289	0.168	1
7.85622461460537e-05	0.56146130952381	0.494395290892128	0.333	0.206	1
7.97828056125972e-05	0.434205357142857	-0.632294884909	0.25	0.362	1
7.98810010079036e-05	0.425372023809524	-0.702470328711253	0.482	0.544	1
7.9953080880388e-05	0.569752976190476	0.404852805593361	0.467	0.328	1
8.08911891328077e-05	0.564136904761905	0.372789921702587	0.381	0.238	1
8.18715421166531e-05	0.57539880952381	0.306863083476644	0.649	0.482	1
8.2489259374807e-05	0.569130952380952	0.383708846442858	0.47	0.322	1
8.46049777899739e-05	0.555892857142857	0.457007885295944	0.271	0.156	1
8.61532976775571e-05	0.565666666666667	0.4584132812425	0.399	0.268	1
8.74439606159938e-05	0.438258928571429	-1.28476578804749	0.208	0.3	1
9.04631127521634e-05	0.568681547619048	0.420876471446291	0.464	0.322	1
9.25748290328327e-05	0.571845238095238	0.350505217796985	0.554	0.402	1
9.51969336315453e-05	0.563431547619048	0.382630302231665	0.378	0.24	1
9.77291853392963e-05	0.572300595238095	0.264362807353548	0.548	0.384	1
9.92337794034189e-05	0.559586309523809	0.439772326851215	0.321	0.196	1
0.00010189951316066	0.556401785714286	0.32743053240143	0.289	0.162	1
0.000102007819155137	0.560130952380952	0.413644263978978	0.33	0.202	1
0.000102537324105332	0.559904761904762	0.408451774564821	0.327	0.198	1
0.000104667444592255	0.554127976190476	0.48286431310242	0.259	0.148	1
0.000105090266951498	0.557550595238095	0.467516348768984	0.298	0.178	1
0.000107520725385711	0.563601190476191	0.5393410779787	0.375	0.25	1
0.000114982836453553	0.559791666666667	0.3670159844159	0.333	0.204	1
0.000116347599123274	0.556345238095238	0.40400124431399	0.289	0.17	1
0.00011738895141089	0.563666666666667	0.350223041855371	0.393	0.254	1
0.00012242575252033	0.567136904761905	0.331381722358707	0.467	0.316	1
0.000123954605037179	0.564360119047619	0.468350156069113	0.396	0.264	1
0.000123982456508938	0.565113095238095	0.386798596606438	0.423	0.284	1
0.00012524575753349	0.554303571428571	0.405235306646391	0.268	0.154	1
0.000125302939487673	0.569681547619048	0.353469452577953	0.527	0.374	1
0.000125364781255	0.552583333333333	0.44418384493836	0.25	0.14	1
0.000126525746383782	0.425214285714286	-0.490524694809921	0.628	0.696	1
0.000127788253208775	0.571889880952381	0.332057214376506	0.61	0.444	1
0.000134317442737885	0.559011904761905	0.434016818781361	0.327	0.204	1
0.000140363668515425	0.566107142857143	0.369748731894121	0.449	0.304	1
0.000146456737196484	0.562854166666667	0.387009712109151	0.393	0.256	1
0.00014768551708344	0.555410714285714	0.435598052641913	0.286	0.17	1
0.000149332238621751	0.552577380952381	0.527060388882774	0.253	0.146	1
0.000149664748067884	0.565696428571429	0.344238256612451	0.443	0.306	1
0.000150251371326691	0.567583333333333	0.314749376715467	0.491	0.346	1
0.000151153973998695	0.553270833333333	0.464532490330163	0.262	0.152	1
0.000153886236254457	0.556491071428571	0.426198577548311	0.301	0.182	1
0.000156737069522633	0.552636904761905	0.493953491764226	0.256	0.148	1
0.000158732749110527	0.5578125	0.38596508721689	0.318	0.196	1
0.000161460920029048	0.560485119047619	0.382630302231665	0.36	0.228	1
0.000185179799965841	0.553193452380952	0.469081788671016	0.268	0.158	1
0.000188630661564548	0.560946428571429	0.312529396885113	0.381	0.242	1
0.000190785407055588	0.557636904761905	0.441363325875982	0.324	0.206	1
0.000196609663018991	0.559952380952381	0.352422124008625	0.363	0.232	1
0.000198538864282048	0.558779761904762	0.401183774100782	0.342	0.22	1
0.000199696072593592	0.564255952380952	0.372499438531065	0.435	0.298	1
0.000200186779504058	0.552142857142857	0.462926596143601	0.259	0.152	1
0.000209306648166272	0.566327380952381	0.354425650046517	0.494	0.352	1
0.000213421204041106	0.564163690476191	0.352171130102455	0.449	0.306	1
0.000213878087067265	0.441360119047619	-0.676244552061631	0.211	0.312	1
0.000219484479187256	0.444113095238095	-0.834375135991313	0.176	0.276	1
0.000227730530851224	0.563889880952381	0.404459647111329	0.443	0.306	1
0.00022926196982007	0.563232142857143	0.343127677614992	0.435	0.292	1
0.000230544056094333	0.44360119047619	-0.636293492796869	0.185	0.288	1
0.000231224953239573	0.562541666666667	0.372051574313199	0.417	0.28	1
0.000235505553771219	0.431943452380952	-0.737787731489583	0.396	0.482	1
0.000236996825071195	0.553247023809524	0.455552659017558	0.277	0.168	1
0.00024421670600442	0.568511904761905	0.301276207428728	0.586	0.428	1
0.000256700491260584	0.432440476190476	-1.23455923722332	0.414	0.478	1
0.000264168764440817	0.562949404761905	0.303143801249515	0.446	0.304	1
0.00027444741976915	0.553684523809524	0.430287618825283	0.289	0.178	1
0.00028101993467169	0.557976190476191	0.383515893110194	0.351	0.226	1
0.000282251223464175	0.555473214285714	0.3713493347179	0.315	0.198	1
0.000289385743407727	0.56546130952381	0.647371046228664	0.479	0.36	1
0.000291074849828389	0.443642857142857	-0.72762772958687	0.196	0.296	1
0.000303784059443905	0.561779761904762	0.506861463434715	0.411	0.292	1
0.000305099974969953	0.560818452380952	0.337917825768225	0.414	0.274	1
0.000317448764626173	0.553083333333333	0.484395024164733	0.286	0.18	1
0.000325557513056548	0.559339285714286	0.392089166304763	0.384	0.26	1
0.000347824241497829	0.561886904761905	0.364547728825151	0.44	0.306	1
0.000352592928242266	0.5570625	0.392983668742438	0.348	0.23	1
0.000354167913525048	0.553776785714286	0.289958985309785	0.307	0.188	1
0.000359082491371097	0.445672619047619	-0.648580870635118	0.182	0.28	1
0.0003624181766534	0.558708333333333	0.326500824677186	0.384	0.252	1
0.000362599695257327	0.561708333333333	0.317710456097985	0.443	0.308	1
0.000363816468168396	0.556901785714286	0.349149563622387	0.351	0.226	1
0.000366418344232008	0.554205357142857	0.459890249854716	0.307	0.198	1
0.000368282091435926	0.5524375	0.374351172600158	0.289	0.176	1
0.000368533246935801	0.556279761904762	0.319603041941119	0.345	0.218	1
0.000369630863826714	0.560297619047619	0.366572009942204	0.417	0.28	1
0.000393919007582114	0.551818452380952	0.365101325819164	0.283	0.172	1
0.000404945529827136	0.552544642857143	0.361592312460878	0.295	0.182	1
0.000411052835960339	0.556842261904762	0.360568174617862	0.357	0.236	1
0.000412365497237167	0.550169642857143	0.7384930639128	0.259	0.16	1
0.000416974790008578	0.551318452380952	0.493083749855539	0.277	0.172	1
0.000419007585618926	0.553931547619048	0.475565970423358	0.31	0.2	1
0.00042763761037426	0.551163690476191	0.377855216777365	0.28	0.17	1
0.000431622897565719	0.560622023809524	0.433452118977342	0.426	0.31	1
0.000433678032626288	0.562818452380952	0.334065562614614	0.491	0.348	1
0.000445432921305807	0.549473214285714	0.412653389662378	0.259	0.156	1
0.000446735459107539	0.552791666666667	0.530254795062028	0.298	0.19	1
0.000456001986000214	0.553351190476191	0.438962358815616	0.31	0.198	1
0.00047233199396245	0.565065476190476	0.252480166729785	0.583	0.424	1
0.000474627780045531	0.567791666666667	0.490726430875391	0.646	0.524	1
0.00048129418018522	0.557107142857143	0.388095018853108	0.369	0.246	1
0.00049338884965951	0.55989880952381	0.298594252818549	0.429	0.298	1
0.000496117469390699	0.560502976190476	0.318106383934954	0.435	0.304	1
0.00050145921669205	0.567002976190476	0.257365230094931	0.661	0.504	1
0.000502277961478605	0.555535714285714	0.352467675846745	0.351	0.228	1
0.000518948785211354	0.557803571428571	0.283697434770339	0.396	0.264	1
0.000530378401631343	0.557946428571429	0.305219888234216	0.402	0.264	1
0.000548603302031295	0.555205357142857	0.318489010920591	0.354	0.23	1
0.000549777006264384	0.554958333333333	0.360899326400194	0.348	0.226	1
0.000575701271130012	0.440833333333333	-0.848093760976851	0.289	0.38	1
0.000576932098383403	0.551705357142857	0.429703054344195	0.298	0.188	1
0.000578383103487378	0.550973214285714	0.480146058115558	0.286	0.182	1
0.000601604673708501	0.559839285714286	0.314034692729729	0.452	0.312	1
0.000603458326787466	0.549184523809524	0.399528797934391	0.268	0.164	1
0.00061206168234414	0.551889880952381	0.311319995321382	0.304	0.194	1
0.00063012908668442	0.560321428571429	0.312080308931015	0.467	0.34	1
0.000630540538345218	0.552261904761905	0.350028630395328	0.312	0.2	1
0.000649683499248307	0.554110119047619	0.308460598808808	0.345	0.224	1
0.000650983966874005	0.554931547619048	0.372097691117297	0.354	0.238	1
0.000654054718216395	0.449255952380952	-0.709907992234643	0.173	0.264	1
0.000658423875066894	0.551330357142857	0.368895717634123	0.301	0.192	1
0.000660456602763757	0.446324404761905	-0.779233581798852	0.214	0.3	1
0.000677032380990266	0.547247023809524	0.367015984415901	0.25	0.15	1
0.000680549627872933	0.448011904761905	-0.748461233004035	0.193	0.28	1
0.000691523415197284	0.556467261904762	0.427154880516133	0.381	0.268	1
0.000698297609972174	0.557666666666667	0.305345210691758	0.417	0.29	1
0.000698797353180617	0.549904761904762	0.3670159844159	0.283	0.178	1
0.000710011647913082	0.54960119047619	0.397553790601417	0.28	0.176	1
0.000713825868254965	0.553553571428571	0.540646684439651	0.33	0.224	1
0.000718361794749914	0.555505952380952	0.353382585239601	0.375	0.252	1
0.00073047269630588	0.435705357142857	-0.623156071806327	0.473	0.544	1
0.000732039313237849	0.553669642857143	0.352516414720785	0.342	0.23	1
0.00074350957586677	0.554053571428571	0.256682070271924	0.354	0.234	1
0.000748283565428461	0.553806547619048	0.49333558362604	0.339	0.234	1
0.000756996513106284	0.550568452380952	0.275517629930404	0.304	0.186	1
0.000767776123217994	0.560803571428571	0.41739410412923	0.488	0.372	1
0.000772030631129043	0.54728869047619	0.393024582913445	0.256	0.156	1
0.00078258696649684	0.547880952380952	0.318861791839579	0.265	0.162	1
0.000784942403158109	0.558005952380952	0.272912417788531	0.44	0.304	1
0.000787263828369131	0.563050595238095	0.2763706199759	0.58	0.442	1
0.000813192665800037	0.555151785714286	0.373612250176293	0.372	0.26	1
0.00082480521849248	0.547372023809524	0.38861361891363	0.259	0.16	1
0.00085065019023621	0.551508928571429	0.306821202497154	0.321	0.206	1
0.000882096228247855	0.555520833333333	0.407697489932326	0.384	0.274	1
0.000948735986502004	0.550502976190476	0.354010274591137	0.31	0.202	1
0.000951735174915932	0.559633928571429	0.480249990171531	0.479	0.368	1
0.000953891788811635	0.441526785714286	-0.642134331930112	0.336	0.418	1
0.000970436319337123	0.559595238095238	0.318956528356071	0.509	0.372	1
0.000980895359970055	0.547857142857143	0.419483404310036	0.271	0.174	1
0.000981625758314922	0.55246130952381	0.312716105186252	0.345	0.23	1
0.00100938663373245	0.551470238095238	0.324787749026603	0.33	0.218	1
0.00101097233948749	0.553592261904762	0.305986551018341	0.369	0.246	1
0.00101286029597952	0.548193452380952	0.438291277015159	0.277	0.18	1
0.00101708774496336	0.556577380952381	0.338707929865465	0.423	0.302	1
0.00102951983590426	0.558791666666667	0.294915829533383	0.488	0.346	1
0.0010394268613126	0.445684523809524	-0.62872198872994	0.256	0.346	1
0.00106671656452747	0.552482142857143	0.285870807340261	0.351	0.234	1
0.00107544371001686	0.548428571428571	0.383068389701267	0.286	0.184	1
0.00110075246687103	0.558586309523809	0.359791657647988	0.482	0.372	1
0.00111742604553901	0.557755952380952	0.255201981086549	0.476	0.34	1
0.00111927174384045	0.552821428571429	0.379764477157889	0.354	0.246	1
0.00113628694162233	0.450008928571429	-0.838659041975614	0.199	0.278	1
0.0011435938757405	0.552767857142857	0.420239589288975	0.351	0.246	1
0.00115873753778097	0.551190476190476	0.337080320119909	0.33	0.222	1
0.00117458916152116	0.54596130952381	0.629385706966392	0.25	0.164	1
0.00120156625606999	0.548690476190476	0.299901788557364	0.298	0.192	1
0.00123978862999768	0.545092261904762	0.348147090795356	0.25	0.154	1
0.00128987541049352	0.54691369047619	0.268412585560361	0.277	0.174	1
0.00131435289949978	0.548803571428571	0.33016353263677	0.304	0.198	1
0.00133296155250887	0.547264880952381	0.398653885530191	0.28	0.182	1
0.00134444777170927	0.545604166666667	0.405235306646391	0.259	0.164	1
0.00135530967982768	0.552636904761905	0.369502104350254	0.369	0.258	1
0.00137400574028998	0.548169642857143	0.467439197238664	0.292	0.196	1
0.00140747534286686	0.55110119047619	0.35016679972368	0.342	0.238	1
0.00141221721576711	0.452139880952381	-0.797742135775254	0.185	0.262	1
0.00141403284679779	0.558035714285714	0.273781177352265	0.512	0.38	1
0.00145313571041798	0.557988095238095	0.274757476563912	0.515	0.39	1
0.00146760080292022	0.5488125	0.472810648438497	0.307	0.208	1
0.00146971352663324	0.551479166666667	0.312080308931015	0.351	0.242	1
0.00147032252654738	0.551214285714286	0.293974033316361	0.354	0.244	1
0.0014771928292923	0.549053571428571	0.270698345279419	0.318	0.208	1
0.00148848339937648	0.554425595238095	0.367410864681371	0.408	0.3	1
0.00151617504745775	0.45196130952381	-0.566986456809859	0.188	0.274	1
0.00155428070311523	0.550026785714286	0.299979122053717	0.336	0.226	1
0.00158623093358641	0.437604166666667	-0.337078904266384	0.804	0.808	1
0.00160648340268225	0.553261904761905	0.258971524502482	0.408	0.284	1
0.00160836611076737	0.451455357142857	-0.693447130999554	0.199	0.28	1
0.00164854002814546	0.555238095238095	0.275722134989516	0.455	0.332	1
0.00165067025765683	0.44227380952381	-0.556178322765535	0.408	0.466	1
0.0016575321274636	0.552869047619048	0.261642725540064	0.396	0.28	1
0.00165965948570665	0.550211309523809	0.284427060754828	0.345	0.234	1
0.00168095143191171	0.549151785714286	0.314123304373987	0.324	0.218	1
0.00173363779202666	0.546369047619048	0.383989063019614	0.28	0.186	1
0.00173652694763171	0.545613095238095	0.309728530667971	0.274	0.176	1
0.00173697866325965	0.548702380952381	0.283620946699739	0.321	0.216	1
0.00175037173753065	0.450761904761905	-0.693619162277678	0.217	0.298	1
0.00176350423616857	0.449863095238095	-0.63201932478193	0.226	0.312	1
0.00179229126972237	0.45410119047619	-0.825865736689642	0.173	0.25	1
0.00180168863000718	0.559291666666667	0.299170867545189	0.613	0.462	1
0.00182833987598238	0.555556547619048	0.294577606742407	0.467	0.344	1
0.00182918876383242	0.54910119047619	0.302419935998148	0.333	0.224	1
0.00183209838531872	0.550383928571429	0.303098774418592	0.354	0.246	1
0.00187730093808954	0.55546130952381	0.26323952084005	0.479	0.358	1
0.00187992342268243	0.553360119047619	0.270052064647291	0.423	0.3	1
0.00189467580442004	0.546925595238095	0.279947182181719	0.301	0.196	1
0.00191334603928176	0.548377976190476	0.347507825526686	0.321	0.218	1
0.00201074267145064	0.449982142857143	-0.961028768487168	0.238	0.316	1
0.00201965215584487	0.548723214285714	0.418943776459761	0.327	0.23	1
0.00208452238209525	0.558836309523809	0.276052915715447	0.613	0.502	1
0.00216981223713253	0.544919642857143	0.393557771868392	0.274	0.18	1
0.00227481080330497	0.550321428571429	0.34192500345307	0.369	0.264	1
0.00228648432322277	0.544258928571429	0.364920566413707	0.268	0.176	1
0.00229333517356855	0.453970238095238	-0.72762772958687	0.188	0.268	1
0.00234477043801317	0.550595238095238	0.356931765895703	0.375	0.27	1
0.00242496379919899	0.553145833333333	0.31511488250387	0.446	0.332	1
0.00243143010542984	0.444928571428571	-0.425890655344581	0.375	0.46	1
0.00243896351189187	0.550571428571429	0.272849273241376	0.381	0.274	1
0.00245705795575233	0.554217261904762	0.316139942525955	0.473	0.36	1
0.00270611076961022	0.545116071428571	0.269731883761934	0.295	0.192	1
0.00273596742321142	0.546047619047619	0.3144819104045	0.307	0.212	1
0.00275858488119774	0.549800595238095	0.315796074276346	0.378	0.272	1
0.00276020584755234	0.551050595238095	0.254375926299494	0.417	0.294	1
0.00277646302780087	0.544660714285714	0.337546055702232	0.286	0.192	1
0.00293386871278315	0.451464285714286	-0.610957709254101	0.247	0.328	1
0.00294964411363887	0.542961309523809	0.318552381054977	0.265	0.174	1
0.00296589600775143	0.545404761904762	0.264835589609422	0.304	0.206	1
0.00307851180153326	0.547755952380952	0.274728394367854	0.351	0.244	1
0.00308655223955485	0.544875	0.298587339800396	0.295	0.204	1
0.00309306409816813	0.442839285714286	-0.432574944904507	0.571	0.572	1
0.00322799221428255	0.544389880952381	0.370129939954414	0.292	0.198	1
0.00330000108503229	0.4561875	-0.559190881842296	0.182	0.262	1
0.00338795214722011	0.545	0.327582957750586	0.304	0.21	1
0.00339668369629165	0.544291666666667	0.423284204062646	0.292	0.202	1
0.00343055115636964	0.548800595238095	0.315796074276346	0.381	0.276	1
0.00352491752017885	0.547714285714286	0.279909624224258	0.366	0.258	1
0.00369345530775412	0.541017857142857	0.35298403055551	0.25	0.164	1
0.00375238348373669	0.542258928571429	0.300277421918219	0.268	0.178	1
0.00381636304980526	0.543279761904762	0.373416594031168	0.286	0.194	1
0.00384277436779613	0.5456875	0.371404413779528	0.324	0.232	1
0.00390642506880123	0.54410119047619	0.278433994059024	0.304	0.206	1
0.00397050447044045	0.543035714285714	0.303032278737755	0.286	0.194	1
0.0039706795283724	0.450252976190476	-0.667044056589998	0.321	0.37	1
0.00397305417586711	0.44796130952381	-0.397037971345855	0.384	0.45	1
0.00407406008719737	0.540678571428571	0.35298403055551	0.25	0.166	1
0.00415370036106724	0.551074404761905	0.344508585006331	0.461	0.354	1
0.00432149826318954	0.543470238095238	0.439546127421734	0.298	0.206	1
0.00439664991348093	0.541625	0.291067131182602	0.271	0.18	1
0.00440612151888487	0.545092261904762	0.285235696238662	0.33	0.232	1
0.00445378992799251	0.458190476190476	-0.676244552061631	0.173	0.25	1
0.00463855984116283	0.458136904761905	-0.688160722736221	0.182	0.25	1
0.00491673143577474	0.543407738095238	0.296161758416592	0.31	0.214	1
0.00535447687029762	0.541997023809524	0.289958985309785	0.292	0.2	1
0.00544447302450109	0.542360119047619	0.366381693334727	0.295	0.21	1
0.00544486710806104	0.549360119047619	0.295379387386996	0.455	0.348	1
0.00557245934287567	0.544220238095238	0.299662766873941	0.336	0.24	1
0.00562299648285044	0.541988095238095	0.299901788557364	0.295	0.204	1
0.00567312490442785	0.544291666666667	0.263568455857164	0.339	0.242	1
0.0057317309542093	0.544982142857143	0.333136986183086	0.345	0.252	1
0.00618179343894584	0.544860119047619	0.256756476266984	0.363	0.252	1
0.00631428943228372	0.541866071428571	0.326193271802912	0.301	0.21	1
0.00639433894420036	0.543869047619048	0.253231078088416	0.345	0.244	1
0.00642084569574052	0.540547619047619	0.358771990320992	0.277	0.196	1
0.00655658580447814	0.456523809523809	-0.475068741177278	0.235	0.308	1
0.00683124212863146	0.543625	0.285779091414397	0.339	0.248	1
0.00686645728081326	0.551613095238095	0.286501378725955	0.625	0.502	1
0.00718267696353885	0.456955357142857	-0.538727378399596	0.238	0.306	1
0.00732041961182115	0.539270833333333	0.255678497356888	0.271	0.182	1
0.00737596389963628	0.53975	0.282654891366402	0.277	0.192	1
0.00756225580647101	0.548559523809524	0.423471136288066	0.473	0.388	1
0.00776371415023674	0.539404761904762	0.301892966883013	0.274	0.19	1
0.008035014418431	0.459455357142857	-0.614260962078738	0.205	0.268	1
0.00804063309896942	0.539348214285714	0.267933205246633	0.277	0.192	1
0.00814719473032046	0.45296130952381	-0.770227461508455	0.351	0.404	1
0.0087741240386602	0.460119047619048	-0.532143326077272	0.199	0.27	1
0.00891146406014713	0.537678571428571	0.269362268046571	0.256	0.176	1
0.00946922217261151	0.547529761904762	0.261333068298903	0.512	0.4	1
0.00992464686253651	0.541386904761905	0.29776178375661	0.336	0.246	1
0.00996419367055808	0.545568452380952	0.314803660453981	0.438	0.336	1
0.0100944018771783	0.454339285714286	-0.667072906163381	0.36	0.412	1
0.0106052674279788	0.454491071428571	-0.420523038362574	0.339	0.422	1
0.0107276977376871	0.537901785714286	0.432111012637785	0.274	0.196	1
0.0108311398889292	0.454300595238095	-0.514805698783859	0.387	0.432	1
0.0109496611493335	0.460133928571429	-0.407264804411894	0.22	0.292	1
0.0111846774122138	0.540497023809524	0.263252187559755	0.327	0.238	1
0.0112398887747735	0.460455357142857	-0.625262168206364	0.214	0.284	1
0.0112816157205705	0.460410714285714	-0.445762609596726	0.217	0.286	1
0.0118607565536156	0.459261904761905	-0.51580047621376	0.247	0.318	1
0.0121814815727655	0.54183630952381	0.305088235272699	0.372	0.284	1
0.0128435215397124	0.539056547619048	0.262708074714076	0.315	0.232	1
0.0130984727835871	0.541675595238095	0.29919174258738	0.375	0.288	1
0.0132171931423109	0.53975	0.285972264059838	0.33	0.25	1
0.0134207777642378	0.536145833333333	0.322360104185661	0.262	0.188	1
0.0135617410497017	0.455389880952381	-0.493288944943212	0.39	0.432	1
0.0144175461927893	0.535178571428571	0.263645369852618	0.253	0.176	1
0.0149796852680001	0.456479166666667	-0.503971892872588	0.378	0.426	1
0.0152744687670433	0.459723214285714	-0.539007867375086	0.28	0.334	1
0.0152992900141326	0.463458333333333	-0.532552845237786	0.199	0.26	1
0.0154825201344821	0.537095238095238	0.273677744265213	0.292	0.216	1
0.016463989175615	0.458392857142857	-0.445898462983604	0.324	0.384	1
0.0170044623676191	0.456258928571429	-0.559427408614019	0.396	0.448	1
0.0172553025342014	0.462392857142857	-0.512699757320345	0.223	0.292	1
0.0187165988879762	0.460125	-0.823158600281637	0.31	0.344	1
0.0187601907968046	0.456580357142857	-0.313075088333389	0.417	0.478	1
0.0188716212148775	0.537979166666667	0.274671732543489	0.336	0.254	1
0.0206537226756574	0.539202380952381	0.252963651102792	0.387	0.3	1
0.0212912564353779	0.465330357142857	-0.333423733725192	0.193	0.26	1
0.02325069912649	0.535428571428571	0.255070457966218	0.307	0.228	1
0.0233546608965402	0.460940476190476	-0.544772250345996	0.321	0.372	1
0.0244065485413992	0.465172619047619	-0.539319835165444	0.22	0.276	1
0.0246875716686564	0.532535714285714	0.260203628123092	0.253	0.184	1
0.025415639533497	0.532178571428571	0.262297169132229	0.25	0.18	1
0.0260984091476327	0.462779761904762	-0.434645783903993	0.286	0.34	1
0.0264972352717168	0.5326875	0.419793015453763	0.259	0.194	1
0.0274315288571906	0.466333333333333	-0.519157684482791	0.211	0.266	1
0.0276959604555513	0.464883928571429	-0.523805760159019	0.244	0.298	1
0.0299363508136771	0.46525	-0.493278876549918	0.25	0.3	1
0.0323783639654645	0.458693452380952	-0.627571873282664	0.562	0.538	1
0.0351262930616807	0.459404761904762	-0.549014041507785	0.533	0.54	1
0.0367101953289723	0.534056547619048	0.314864702364794	0.336	0.268	1
0.0378983046503073	0.458592261904762	-0.656266463035501	0.667	0.654	1
0.0378994204150371	0.530342261904762	0.282654891366402	0.253	0.192	1
0.039472970630432	0.530818452380952	0.294551655956057	0.271	0.204	1
0.0413401674683159	0.469306547619048	-0.541228618838593	0.205	0.252	1
0.0413540761273744	0.469455357142857	-0.552396094097933	0.202	0.25	1
0.0413697910762818	0.463764880952381	-0.402245766469629	0.36	0.404	1
0.0484475701569164	0.467708333333333	-0.43069076359033	0.271	0.318	1
0.0488968977994885	0.465279761904762	-0.366213668842861	0.36	0.4	1
0.0500583578837231	0.468095238095238	-0.46948528330122	0.265	0.312	1
0.0623641565073672	0.527580357142857	0.299979122053717	0.256	0.2	1
0.0651988443079723	0.464732142857143	-0.556005398197071	0.533	0.514	1
0.0665259842871971	0.469925595238095	-0.446176011087748	0.28	0.314	1
0.0689082013087442	0.471095238095238	-0.408328542739083	0.247	0.292	1
0.0700360620710953	0.468130952380952	-0.382811760687355	0.363	0.392	1
0.0700527915701205	0.470607142857143	-0.340928903382062	0.265	0.308	1
0.0702846987801955	0.468255952380952	-0.378054659387361	0.357	0.392	1
0.0703357101915185	0.527470238095238	0.339809614451065	0.271	0.218	1
0.0705575061533603	0.467657738095238	-0.472650604881335	0.375	0.41	1
0.0725090909475442	0.468407738095238	-0.29479912010888	0.354	0.39	1
0.0732055406962873	0.467223214285714	-0.393094946398167	0.438	0.45	1
0.076455564884126	0.468401785714286	-0.29752707703442	0.378	0.41	1
0.0777780723054383	0.468892857142857	-0.290425545816614	0.351	0.4	1
0.0788965217071315	0.472806547619048	-0.306585688229974	0.223	0.274	1
0.0797062548753695	0.470095238095238	-0.370433248722615	0.31	0.352	1
0.0826219347269192	0.472282738095238	-0.46963485512665	0.256	0.292	1
0.0837329686678625	0.468824404761905	-0.322993425099432	0.402	0.434	1
0.0892087093051668	0.473363095238095	-0.353515151664661	0.238	0.28	1
0.0961151852289686	0.473901785714286	-0.362807540506286	0.238	0.28	1
0.0962818583980445	0.473559523809524	-0.637025180805963	0.253	0.284	1
0.101718086516617	0.475056547619048	-0.535686814229185	0.223	0.254	1
0.104190026173238	0.472151785714286	-0.331690766500736	0.33	0.36	1
0.105328758099659	0.474297619047619	-0.385324835637222	0.25	0.284	1
0.110583759331373	0.525122023809524	0.28505589314874	0.298	0.242	1
0.119694033169841	0.473526785714286	-0.416617669251591	0.324	0.35	1
0.122535027707671	0.474452380952381	-0.503838864284122	0.295	0.316	1
0.128528119220008	0.476863095238095	-0.41451516218375	0.223	0.252	1
0.128658236438327	0.472970238095238	-0.429022690142371	0.381	0.392	1
0.132086084996	0.476797619047619	-0.425355908315824	0.229	0.264	1
0.135604251276172	0.522485119047619	0.319853766649504	0.259	0.216	1
0.138597349498613	0.47733630952381	-0.376742771405142	0.223	0.258	1
0.138999579202866	0.47575	-0.607675125264799	0.277	0.308	1
0.140934972384126	0.477348214285714	-0.328747246515718	0.229	0.262	1
0.142531188394654	0.47571130952381	-0.503274828503166	0.301	0.316	1
0.147037785060933	0.524913690476191	0.495567102279867	0.375	0.326	1
0.1571593488721	0.475291666666667	-0.408172600995334	0.351	0.374	1
0.162302750817753	0.47877380952381	-0.400084037794272	0.223	0.252	1
0.169596556958117	0.478407738095238	-0.410254318958941	0.244	0.276	1
0.171470661891531	0.479089285714286	-0.369949609750306	0.226	0.258	1
0.172422799563266	0.479247023809524	-0.38388880070818	0.223	0.252	1
0.174810123013667	0.479476190476191	-0.363306336119692	0.217	0.25	1
0.181386783326035	0.47385119047619	-0.411562561221524	0.643	0.576	1
0.188483085947845	0.478535714285714	-0.302254207426848	0.28	0.308	1
0.191876655702641	0.520565476190476	0.252637963270768	0.286	0.248	1
0.192777679048705	0.479223214285714	-0.3173742400607	0.259	0.288	1
0.193603477922228	0.478720238095238	-0.287620044112067	0.28	0.312	1
0.194903743307372	0.47977380952381	-0.430878608392637	0.244	0.268	1
0.207900203254506	0.478803571428571	-0.416231474449367	0.321	0.33	1
0.209796909149869	0.47764880952381	-0.411426245726465	0.399	0.398	1
0.210584154107648	0.519616071428571	0.268488835925902	0.28	0.246	1
0.217471111251636	0.478717261904762	-0.289865232716708	0.342	0.37	1
0.226526829764826	0.478157738095238	-0.335293721078238	0.426	0.43	1
0.233628843247346	0.480178571428571	-0.322669105674187	0.304	0.324	1
0.249689807158108	0.479196428571429	-0.2585365220942	0.429	0.43	1
0.251893672307888	0.478056547619048	-0.359717050543294	0.577	0.536	1
0.267146271171349	0.48139880952381	-0.274154147055925	0.31	0.328	1
0.276098930070112	0.479050595238095	-0.278706564016123	0.604	0.56	1
0.28504335350461	0.48260119047619	-0.308447068193979	0.283	0.3	1
0.28878565120878	0.480973214285714	-0.319222594048098	0.405	0.402	1
0.294596198672328	0.482017857142857	-0.418048940743897	0.339	0.348	1
0.302303849719266	0.51835119047619	-0.270413936199392	0.435	0.354	1
0.335399869387521	0.48183630952381	-0.539393976046168	0.506	0.478	1
0.337707879076564	0.482872023809524	-0.3691154408685	0.411	0.394	1
0.341550517280402	0.483056547619048	-0.310005272045975	0.408	0.4	1
0.34950159148425	0.485	-0.369145655959153	0.271	0.286	1
0.35240914035994	0.485383928571429	-0.377838881324595	0.259	0.266	1
0.353989441024966	0.483482142857143	-0.293840452614968	0.408	0.402	1
0.3717608021494	0.482476190476191	-0.268173726058442	0.646	0.588	1
0.387260330623471	0.486130952380952	-0.275233970053185	0.274	0.288	1
0.391909319084783	0.484714285714286	-0.467305985241973	0.396	0.388	1
0.392429196507515	0.486410714285714	-0.294459410166042	0.268	0.278	1
0.398162459812309	0.486946428571429	-0.831602468304281	0.25	0.25	1
0.409277350030716	0.487127976190476	-0.332154314337626	0.253	0.26	1
0.428849741778385	0.486925595238095	-0.360029090307361	0.307	0.306	1
0.42965800725123	0.484059523809524	-0.499057212379184	0.798	0.744	1
0.460353095190372	0.487303571428571	-0.359954364435701	0.351	0.348	1
0.466553780765184	0.487979166666667	-0.574514218806537	0.307	0.3	1
0.476049875828232	0.488026785714286	-0.308658421115671	0.324	0.326	1
0.480012782141089	0.488672619047619	-0.343319769867692	0.28	0.284	1
0.490065155049812	0.487928571428571	-0.262718337250891	0.381	0.372	1
0.497783139431192	0.487273809523809	-0.357753063086933	0.503	0.476	1
0.509288572516597	0.487678571428571	-0.369949609750306	0.473	0.462	1
0.538811477645735	0.51003869047619	-0.593333233489804	0.321	0.276	1
0.572503192342999	0.490943452380952	-0.26716229145647	0.283	0.282	1
0.595869829243262	0.491044642857143	-0.304568871053007	0.336	0.33	1
0.615250181135075	0.510148809523809	-0.289549473254432	0.872	0.762	1
0.637328067541555	0.491877976190476	-0.269729058407802	0.36	0.348	1
0.653301838230936	0.491077380952381	-0.579168299497743	0.729	0.62	1
0.664760710425226	0.492369047619048	-0.466309836074625	0.378	0.366	1
0.716143878612519	0.494318452380952	-0.260957090801185	0.256	0.258	1
0.719529020400366	0.494297619047619	-0.334659446897861	0.277	0.266	1
0.730194470340798	0.505360119047619	-0.270413936199391	0.271	0.242	1
0.743325505420722	0.494550595238095	-0.26517543275292	0.321	0.31	1
0.77692291887355	0.495252976190476	-0.264111982162409	0.333	0.314	1
0.819932729849143	0.495488095238095	-0.250901342031659	0.783	0.738	1
0.85229147157077	0.496955357142857	-0.268770775382939	0.307	0.292	1
0.859400971461296	0.497095238095238	-0.31265709758995	0.31	0.288	1
0.908164239974415	0.501839285714286	-0.284371581488693	0.292	0.264	1
0.913984666690012	0.498261904761905	-0.351776285619054	0.295	0.276	1
0.990397363531132	0.500232142857143	-0.316423381198989	0.551	0.502	1
0.994017527474118	0.500125	-0.261091381916001	0.31	0.284	1
